date,usage
2019-01-01T08:00Z,1.88
2019-01-01T09:00Z,2.69
2019-01-01T10:00Z,1.73
2019-01-01T11:00Z,1.6
2019-01-01T12:00Z,3.24
2019-01-01T13:00Z,2
2019-01-01T14:00Z,3.33
2019-01-01T15:00Z,3.79
2019-01-01T16:00Z,1.55
2019-01-01T17:00Z,-0.85
2019-01-01T18:00Z,-0.79
2019-01-01T19:00Z,-2.33
2019-01-01T20:00Z,-0.17
2019-01-01T21:00Z,6.1
2019-01-01T22:00Z,8.75
2019-01-01T23:00Z,9.01
2019-01-02,4.76
2019-01-02T01:00Z,2.78
2019-01-02T02:00Z,1.18
2019-01-02T03:00Z,4.42
2019-01-02T04:00Z,2.09
2019-01-02T05:00Z,3.22
2019-01-02T06:00Z,2.8
2019-01-02T07:00Z,0.9
2019-01-02T08:00Z,1.8
2019-01-02T09:00Z,2.95
2019-01-02T10:00Z,2.03
2019-01-02T11:00Z,2.1
2019-01-02T12:00Z,4.66
2019-01-02T13:00Z,3.79
2019-01-02T14:00Z,3.49
2019-01-02T15:00Z,3.77
2019-01-02T16:00Z,1.03
2019-01-02T17:00Z,-0.93
2019-01-02T18:00Z,-1.03
2019-01-02T19:00Z,-1.58
2019-01-02T20:00Z,0.25
2019-01-02T21:00Z,1.84
2019-01-02T22:00Z,1.05
2019-01-02T23:00Z,3.54
2019-01-03,3.72
2019-01-03T01:00Z,3.19
2019-01-03T02:00Z,4.14
2019-01-03T03:00Z,3.41
2019-01-03T04:00Z,2.44
2019-01-03T05:00Z,2.25
2019-01-03T06:00Z,3.04
2019-01-03T07:00Z,1.65
2019-01-03T08:00Z,2.93
2019-01-03T09:00Z,3.02
2019-01-03T10:00Z,1.92
2019-01-03T11:00Z,2.92
2019-01-03T12:00Z,2.53
2019-01-03T13:00Z,3.57
2019-01-03T14:00Z,2.56
2019-01-03T15:00Z,4.47
2019-01-03T16:00Z,3.17
2019-01-03T17:00Z,-0.73
2019-01-03T18:00Z,-0.99
2019-01-03T19:00Z,-2.02
2019-01-03T20:00Z,-0.29
2019-01-03T21:00Z,2.01
2019-01-03T22:00Z,0.82
2019-01-03T23:00Z,1.6
2019-01-04,3.1
2019-01-04T01:00Z,4.28
2019-01-04T02:00Z,1.77
2019-01-04T03:00Z,3.25
2019-01-04T04:00Z,2.58
2019-01-04T05:00Z,1.26
2019-01-04T06:00Z,3.34
2019-01-04T07:00Z,2.52
2019-01-04T08:00Z,2.93
2019-01-04T09:00Z,1.62
2019-01-04T10:00Z,3.34
2019-01-04T11:00Z,1.5
2019-01-04T12:00Z,1.89
2019-01-04T13:00Z,3.91
2019-01-04T14:00Z,3.32
2019-01-04T15:00Z,4.9
2019-01-04T16:00Z,0.87
2019-01-04T17:00Z,-0.15
2019-01-04T18:00Z,0.32
2019-01-04T19:00Z,-2.18
2019-01-04T20:00Z,-0.42
2019-01-04T21:00Z,0.78
2019-01-04T22:00Z,1.83
2019-01-04T23:00Z,0.64
2019-01-05,2.02
2019-01-05T01:00Z,3.77
2019-01-05T02:00Z,2.85
2019-01-05T03:00Z,4.15
2019-01-05T04:00Z,3.28
2019-01-05T05:00Z,2.8
2019-01-05T06:00Z,2.95
2019-01-05T07:00Z,0.88
2019-01-05T08:00Z,1.62
2019-01-05T09:00Z,1.51
2019-01-05T10:00Z,2.8
2019-01-05T11:00Z,1.36
2019-01-05T12:00Z,2.76
2019-01-05T13:00Z,2.7
2019-01-05T14:00Z,2.12
2019-01-05T15:00Z,4.4
2019-01-05T16:00Z,2.24
2019-01-05T17:00Z,1.54
2019-01-05T18:00Z,8.63
2019-01-05T19:00Z,9.25
2019-01-05T20:00Z,10.57
2019-01-05T21:00Z,12.31
2019-01-05T22:00Z,11.78
2019-01-05T23:00Z,7
2019-01-06,3.59
2019-01-06T01:00Z,3.89
2019-01-06T02:00Z,3.43
2019-01-06T03:00Z,3.37
2019-01-06T04:00Z,3.13
2019-01-06T05:00Z,2.21
2019-01-06T06:00Z,2.42
2019-01-06T07:00Z,1.3
2019-01-06T08:00Z,1.34
2019-01-06T09:00Z,2.5
2019-01-06T10:00Z,1.13
2019-01-06T11:00Z,3.08
2019-01-06T12:00Z,1.83
2019-01-06T13:00Z,1.8
2019-01-06T14:00Z,2.09
2019-01-06T15:00Z,3.84
2019-01-06T16:00Z,1.93
2019-01-06T17:00Z,2.93
2019-01-06T18:00Z,3.42
2019-01-06T19:00Z,1.66
2019-01-06T20:00Z,3.3
2019-01-06T21:00Z,2.75
2019-01-06T22:00Z,2.48
2019-01-06T23:00Z,4.53
2019-01-07,4.73
2019-01-07T01:00Z,3.58
2019-01-07T02:00Z,2.59
2019-01-07T03:00Z,1.98
2019-01-07T04:00Z,2.57
2019-01-07T05:00Z,3.69
2019-01-07T06:00Z,1.64
2019-01-07T07:00Z,1.11
2019-01-07T08:00Z,3.19
2019-01-07T09:00Z,1.35
2019-01-07T10:00Z,2.29
2019-01-07T11:00Z,3.23
2019-01-07T12:00Z,1.34
2019-01-07T13:00Z,1.98
2019-01-07T14:00Z,3.77
2019-01-07T15:00Z,2.43
2019-01-07T16:00Z,2.01
2019-01-07T17:00Z,2.23
2019-01-07T18:00Z,-0.71
2019-01-07T19:00Z,-0.71
2019-01-07T20:00Z,-0.2
2019-01-07T21:00Z,1.49
2019-01-07T22:00Z,0.88
2019-01-07T23:00Z,1.11
2019-01-08,2.94
2019-01-08T01:00Z,2.48
2019-01-08T02:00Z,2.16
2019-01-08T03:00Z,4.63
2019-01-08T04:00Z,3.34
2019-01-08T05:00Z,2
2019-01-08T06:00Z,3.08
2019-01-08T07:00Z,1.11
2019-01-08T08:00Z,1.07
2019-01-08T09:00Z,1.29
2019-01-08T10:00Z,2.82
2019-01-08T11:00Z,1.19
2019-01-08T12:00Z,1.41
2019-01-08T13:00Z,3.55
2019-01-08T14:00Z,1.8
2019-01-08T15:00Z,2.09
2019-01-08T16:00Z,1.39
2019-01-08T17:00Z,2.58
2019-01-08T18:00Z,0.92
2019-01-08T19:00Z,0.72
2019-01-08T20:00Z,2.91
2019-01-08T21:00Z,0.61
2019-01-08T22:00Z,0.69
2019-01-08T23:00Z,1.98
2019-01-09,2.56
2019-01-09T01:00Z,2.58
2019-01-09T02:00Z,2.45
2019-01-09T03:00Z,1.59
2019-01-09T04:00Z,4.24
2019-01-09T05:00Z,9.06
2019-01-09T06:00Z,10.45
2019-01-09T07:00Z,8.99
2019-01-09T08:00Z,9.01
2019-01-09T09:00Z,4.43
2019-01-09T10:00Z,1.41
2019-01-09T11:00Z,0.87
2019-01-09T12:00Z,3.21
2019-01-09T13:00Z,0.9
2019-01-09T14:00Z,2.44
2019-01-09T15:00Z,3.73
2019-01-09T16:00Z,1.18
2019-01-09T17:00Z,0.99
2019-01-09T18:00Z,1
2019-01-09T19:00Z,0.06
2019-01-09T20:00Z,0.54
2019-01-09T21:00Z,1.33
2019-01-09T22:00Z,0.61
2019-01-09T23:00Z,1.92
2019-01-10,2.62
2019-01-10T01:00Z,1.96
2019-01-10T02:00Z,3.69
2019-01-10T03:00Z,7.33
2019-01-10T04:00Z,9.69
2019-01-10T05:00Z,2.6
2019-01-10T06:00Z,3.38
2019-01-10T07:00Z,1.39
2019-01-10T08:00Z,1.2
2019-01-10T09:00Z,2.86
2019-01-10T10:00Z,1.73
2019-01-10T11:00Z,0.94
2019-01-10T12:00Z,1.6
2019-01-10T13:00Z,2.54
2019-01-10T14:00Z,2.19
2019-01-10T15:00Z,3.18
2019-01-10T16:00Z,0.78
2019-01-10T17:00Z,0.19
2019-01-10T18:00Z,1.25
2019-01-10T19:00Z,-1.22
2019-01-10T20:00Z,-0.25
2019-01-10T21:00Z,0.43
2019-01-10T22:00Z,1.88
2019-01-10T23:00Z,0.68
2019-01-11,1.53
2019-01-11T01:00Z,3.31
2019-01-11T02:00Z,2.39
2019-01-11T03:00Z,3.15
2019-01-11T04:00Z,2.43
2019-01-11T05:00Z,1.85
2019-01-11T06:00Z,3.4
2019-01-11T07:00Z,1.87
2019-01-11T08:00Z,1.31
2019-01-11T09:00Z,3.14
2019-01-11T10:00Z,1.95
2019-01-11T11:00Z,1.38
2019-01-11T12:00Z,2.67
2019-01-11T13:00Z,2.37
2019-01-11T14:00Z,2.23
2019-01-11T15:00Z,3.09
2019-01-11T16:00Z,1.67
2019-01-11T17:00Z,1.45
2019-01-11T18:00Z,2.85
2019-01-11T19:00Z,2.26
2019-01-11T20:00Z,3.21
2019-01-11T21:00Z,3.44
2019-01-11T22:00Z,3.27
2019-01-11T23:00Z,3.51
2019-01-12,2.74
2019-01-12T01:00Z,1.46
2019-01-12T02:00Z,1.44
2019-01-12T03:00Z,2.37
2019-01-12T04:00Z,1.39
2019-01-12T05:00Z,1.87
2019-01-12T06:00Z,2.97
2019-01-12T07:00Z,1.38
2019-01-12T08:00Z,1.48
2019-01-12T09:00Z,2.71
2019-01-12T10:00Z,1.48
2019-01-12T11:00Z,1.42
2019-01-12T12:00Z,2.7
2019-01-12T13:00Z,1.82
2019-01-12T14:00Z,1.83
2019-01-12T15:00Z,2.34
2019-01-12T16:00Z,0.73
2019-01-12T17:00Z,0.67
2019-01-12T18:00Z,-0.3
2019-01-12T19:00Z,-2.26
2019-01-12T20:00Z,0.03
2019-01-12T21:00Z,1.85
2019-01-12T22:00Z,0.97
2019-01-12T23:00Z,1.02
2019-01-13,1.58
2019-01-13T01:00Z,2.55
2019-01-13T02:00Z,1.57
2019-01-13T03:00Z,1.51
2019-01-13T04:00Z,2.66
2019-01-13T05:00Z,1.37
2019-01-13T06:00Z,1.84
2019-01-13T07:00Z,2.13
2019-01-13T08:00Z,2.52
2019-01-13T09:00Z,1.43
2019-01-13T10:00Z,1.47
2019-01-13T11:00Z,3
2019-01-13T12:00Z,1.44
2019-01-13T13:00Z,1.46
2019-01-13T14:00Z,1.9
2019-01-13T15:00Z,3.05
2019-01-13T16:00Z,0.7
2019-01-13T17:00Z,0.45
2019-01-13T18:00Z,-0.58
2019-01-13T19:00Z,-1.71
2019-01-13T20:00Z,-0.33
2019-01-13T21:00Z,1.62
2019-01-13T22:00Z,0.21
2019-01-13T23:00Z,0.94
2019-01-14,1.75
2019-01-14T01:00Z,10.16
2019-01-14T02:00Z,9.48
2019-01-14T03:00Z,11.14
2019-01-14T04:00Z,9.67
2019-01-14T05:00Z,9.49
2019-01-14T06:00Z,2.96
2019-01-14T07:00Z,4.31
2019-01-14T08:00Z,1.48
2019-01-14T09:00Z,2.67
2019-01-14T10:00Z,2.67
2019-01-14T11:00Z,2.58
2019-01-14T12:00Z,1.76
2019-01-14T13:00Z,3.57
2019-01-14T14:00Z,3.39
2019-01-14T15:00Z,1.83
2019-01-14T16:00Z,2.63
2019-01-14T17:00Z,3.12
2019-01-14T18:00Z,0.58
2019-01-14T19:00Z,1.92
2019-01-14T20:00Z,1.76
2019-01-14T21:00Z,1.67
2019-01-14T22:00Z,1.96
2019-01-14T23:00Z,4.83
2019-01-15,3
2019-01-15T01:00Z,4.23
2019-01-15T02:00Z,3.28
2019-01-15T03:00Z,2.53
2019-01-15T04:00Z,3.27
2019-01-15T05:00Z,3.21
2019-01-15T06:00Z,1.48
2019-01-15T07:00Z,1.46
2019-01-15T08:00Z,1.93
2019-01-15T09:00Z,1.24
2019-01-15T10:00Z,1.42
2019-01-15T11:00Z,3.33
2019-01-15T12:00Z,1.9
2019-01-15T13:00Z,2.46
2019-01-15T14:00Z,4.5
2019-01-15T15:00Z,2.41
2019-01-15T16:00Z,0.96
2019-01-15T17:00Z,3.09
2019-01-15T18:00Z,0.42
2019-01-15T19:00Z,1.1
2019-01-15T20:00Z,1.98
2019-01-15T21:00Z,0.39
2019-01-15T22:00Z,0.81
2019-01-15T23:00Z,11.31
2019-01-16,10.45
2019-01-16T01:00Z,10.7
2019-01-16T02:00Z,8.28
2019-01-16T03:00Z,4.07
2019-01-16T04:00Z,2.1
2019-01-16T05:00Z,1.59
2019-01-16T06:00Z,2.44
2019-01-16T07:00Z,0.91
2019-01-16T08:00Z,0.98
2019-01-16T09:00Z,2.11
2019-01-16T10:00Z,1.89
2019-01-16T11:00Z,1.82
2019-01-16T12:00Z,1.95
2019-01-16T13:00Z,2.39
2019-01-16T14:00Z,4
2019-01-16T15:00Z,3.27
2019-01-16T16:00Z,0.9
2019-01-16T17:00Z,1.17
2019-01-16T18:00Z,2.25
2019-01-16T19:00Z,1.06
2019-01-16T20:00Z,0.82
2019-01-16T21:00Z,2.24
2019-01-16T22:00Z,0.92
2019-01-16T23:00Z,3.12
2019-01-17,3.08
2019-01-17T01:00Z,2.47
2019-01-17T02:00Z,2.72
2019-01-17T03:00Z,2.02
2019-01-17T04:00Z,9.6
2019-01-17T05:00Z,7.09
2019-01-17T06:00Z,0.78
2019-01-17T07:00Z,0.81
2019-01-17T08:00Z,2.09
2019-01-17T09:00Z,1.07
2019-01-17T10:00Z,1.34
2019-01-17T11:00Z,2.47
2019-01-17T12:00Z,0.83
2019-01-17T13:00Z,2.81
2019-01-17T14:00Z,2.64
2019-01-17T15:00Z,3.12
2019-01-17T16:00Z,1.56
2019-01-17T17:00Z,0.1
2019-01-17T18:00Z,2.07
2019-01-17T19:00Z,0.4
2019-01-17T20:00Z,0.5
2019-01-17T21:00Z,1.49
2019-01-17T22:00Z,0.52
2019-01-17T23:00Z,1.01
2019-01-18,2.09
2019-01-18T01:00Z,3.89
2019-01-18T02:00Z,2.12
2019-01-18T03:00Z,2.84
2019-01-18T04:00Z,1.68
2019-01-18T05:00Z,1.13
2019-01-18T06:00Z,0.99
2019-01-18T07:00Z,2.27
2019-01-18T08:00Z,0.92
2019-01-18T09:00Z,1.42
2019-01-18T10:00Z,2.3
2019-01-18T11:00Z,0.88
2019-01-18T12:00Z,0.87
2019-01-18T13:00Z,3.95
2019-01-18T14:00Z,2.09
2019-01-18T15:00Z,3.13
2019-01-18T16:00Z,1.51
2019-01-18T17:00Z,1.33
2019-01-18T18:00Z,-0.52
2019-01-18T19:00Z,-0.31
2019-01-18T20:00Z,1.33
2019-01-18T21:00Z,0.23
2019-01-18T22:00Z,1.11
2019-01-18T23:00Z,1.04
2019-01-19,5.55
2019-01-19T01:00Z,9.43
2019-01-19T02:00Z,10.5
2019-01-19T03:00Z,11.98
2019-01-19T04:00Z,9.26
2019-01-19T05:00Z,8.73
2019-01-19T06:00Z,2.93
2019-01-19T07:00Z,1.51
2019-01-19T08:00Z,1
2019-01-19T09:00Z,1.03
2019-01-19T10:00Z,2.25
2019-01-19T11:00Z,0.82
2019-01-19T12:00Z,0.88
2019-01-19T13:00Z,2.4
2019-01-19T14:00Z,2.31
2019-01-19T15:00Z,2.6
2019-01-19T16:00Z,1
2019-01-19T17:00Z,1.85
2019-01-19T18:00Z,0.31
2019-01-19T19:00Z,0.32
2019-01-19T20:00Z,1.18
2019-01-19T21:00Z,1.7
2019-01-19T22:00Z,0.94
2019-01-19T23:00Z,0.89
2019-01-20,1.72
2019-01-20T01:00Z,3.38
2019-01-20T02:00Z,3.51
2019-01-20T03:00Z,1.73
2019-01-20T04:00Z,2.1
2019-01-20T05:00Z,2.51
2019-01-20T06:00Z,1.07
2019-01-20T07:00Z,1.07
2019-01-20T08:00Z,1.34
2019-01-20T09:00Z,2.27
2019-01-20T10:00Z,1.38
2019-01-20T11:00Z,1.29
2019-01-20T12:00Z,2.35
2019-01-20T13:00Z,1.43
2019-01-20T14:00Z,3.55
2019-01-20T15:00Z,2.78
2019-01-20T16:00Z,1.8
2019-01-20T17:00Z,2.19
2019-01-20T18:00Z,2.41
2019-01-20T19:00Z,0.27
2019-01-20T20:00Z,0.32
2019-01-20T21:00Z,0.64
2019-01-20T22:00Z,2.98
2019-01-20T23:00Z,2.41
2019-01-21,2.48
2019-01-21T01:00Z,2.34
2019-01-21T02:00Z,1.33
2019-01-21T03:00Z,2.32
2019-01-21T04:00Z,1.66
2019-01-21T05:00Z,1.4
2019-01-21T06:00Z,2.95
2019-01-21T07:00Z,1.01
2019-01-21T08:00Z,1.23
2019-01-21T09:00Z,2.39
2019-01-21T10:00Z,0.99
2019-01-21T11:00Z,1.28
2019-01-21T12:00Z,2.95
2019-01-21T13:00Z,2.46
2019-01-21T14:00Z,4.48
2019-01-21T15:00Z,4.06
2019-01-21T16:00Z,1.59
2019-01-21T17:00Z,-0.78
2019-01-21T18:00Z,2.05
2019-01-21T19:00Z,2.29
2019-01-21T20:00Z,0.18
2019-01-21T21:00Z,2.56
2019-01-21T22:00Z,1.08
2019-01-21T23:00Z,1.29
2019-01-22,2.38
2019-01-22T01:00Z,5.11
2019-01-22T02:00Z,3.25
2019-01-22T03:00Z,5.62
2019-01-22T04:00Z,10.02
2019-01-22T05:00Z,8.23
2019-01-22T06:00Z,2.93
2019-01-22T07:00Z,1.07
2019-01-22T08:00Z,1.57
2019-01-22T09:00Z,2.41
2019-01-22T10:00Z,1.04
2019-01-22T11:00Z,1.05
2019-01-22T12:00Z,2.61
2019-01-22T13:00Z,1.98
2019-01-22T14:00Z,5.01
2019-01-22T15:00Z,4.35
2019-01-22T16:00Z,1.52
2019-01-22T17:00Z,-0.57
2019-01-22T18:00Z,-0.67
2019-01-22T19:00Z,-2.89
2019-01-22T20:00Z,-0.25
2019-01-22T21:00Z,0.69
2019-01-22T22:00Z,2.45
2019-01-22T23:00Z,1.62
2019-01-23,1.86
2019-01-23T01:00Z,3.43
2019-01-23T02:00Z,1.78
2019-01-23T03:00Z,3.59
2019-01-23T04:00Z,2.49
2019-01-23T05:00Z,9.49
2019-01-23T06:00Z,8.79
2019-01-23T07:00Z,9.97
2019-01-23T08:00Z,8.63
2019-01-23T09:00Z,7.14
2019-01-23T10:00Z,2.36
2019-01-23T11:00Z,1.11
2019-01-23T12:00Z,1.25
2019-01-23T13:00Z,3.92
2019-01-23T14:00Z,4.79
2019-01-23T15:00Z,3.7
2019-01-23T16:00Z,1.15
2019-01-23T17:00Z,-1.5
2019-01-23T18:00Z,-1.47
2019-01-23T19:00Z,-3.16
2019-01-23T20:00Z,-0.51
2019-01-23T21:00Z,0.56
2019-01-23T22:00Z,1.83
2019-01-23T23:00Z,0.81
2019-01-24,1.63
2019-01-24T01:00Z,3.13
2019-01-24T02:00Z,2.34
2019-01-24T03:00Z,2.24
2019-01-24T04:00Z,1.47
2019-01-24T05:00Z,1.63
2019-01-24T06:00Z,1.39
2019-01-24T07:00Z,2.06
2019-01-24T08:00Z,1.34
2019-01-24T09:00Z,0.99
2019-01-24T10:00Z,2.79
2019-01-24T11:00Z,0.95
2019-01-24T12:00Z,1.72
2019-01-24T13:00Z,3.01
2019-01-24T14:00Z,5.8
2019-01-24T15:00Z,3.54
2019-01-24T16:00Z,0.93
2019-01-24T17:00Z,-1.22
2019-01-24T18:00Z,-2.77
2019-01-24T19:00Z,-1.45
2019-01-24T20:00Z,0.48
2019-01-24T21:00Z,1.78
2019-01-24T22:00Z,2.31
2019-01-24T23:00Z,2.6
2019-01-25,1.56
2019-01-25T01:00Z,3.11
2019-01-25T02:00Z,2.88
2019-01-25T03:00Z,1.65
2019-01-25T04:00Z,1.78
2019-01-25T05:00Z,1.62
2019-01-25T06:00Z,2.19
2019-01-25T07:00Z,1.01
2019-01-25T08:00Z,1.02
2019-01-25T09:00Z,2.52
2019-01-25T10:00Z,1.28
2019-01-25T11:00Z,1.25
2019-01-25T12:00Z,2.37
2019-01-25T13:00Z,1.49
2019-01-25T14:00Z,5.42
2019-01-25T15:00Z,2.73
2019-01-25T16:00Z,0.28
2019-01-25T17:00Z,-0.96
2019-01-25T18:00Z,-2.09
2019-01-25T19:00Z,-3.41
2019-01-25T20:00Z,-0.25
2019-01-25T21:00Z,1.09
2019-01-25T22:00Z,1.76
2019-01-25T23:00Z,0.87
2019-01-26,1.26
2019-01-26T01:00Z,4.57
2019-01-26T02:00Z,2.55
2019-01-26T03:00Z,2.62
2019-01-26T04:00Z,2.11
2019-01-26T05:00Z,1.95
2019-01-26T06:00Z,1.23
2019-01-26T07:00Z,1.41
2019-01-26T08:00Z,1.55
2019-01-26T09:00Z,1.87
2019-01-26T10:00Z,0.97
2019-01-26T11:00Z,0.86
2019-01-26T12:00Z,2.28
2019-01-26T13:00Z,1.13
2019-01-26T14:00Z,2.2
2019-01-26T15:00Z,3.21
2019-01-26T16:00Z,0.66
2019-01-26T17:00Z,-0.93
2019-01-26T18:00Z,0.85
2019-01-26T19:00Z,6.08
2019-01-26T20:00Z,6.56
2019-01-26T21:00Z,7.4
2019-01-26T22:00Z,8.48
2019-01-26T23:00Z,5.24
2019-01-27,1.31
2019-01-27T01:00Z,3.32
2019-01-27T02:00Z,2.43
2019-01-27T03:00Z,3.12
2019-01-27T04:00Z,2.18
2019-01-27T05:00Z,1.79
2019-01-27T06:00Z,2.55
2019-01-27T07:00Z,1.08
2019-01-27T08:00Z,0.91
2019-01-27T09:00Z,1.13
2019-01-27T10:00Z,2.49
2019-01-27T11:00Z,1.26
2019-01-27T12:00Z,0.91
2019-01-27T13:00Z,2.15
2019-01-27T14:00Z,1.71
2019-01-27T15:00Z,1.72
2019-01-27T16:00Z,0.91
2019-01-27T17:00Z,0.66
2019-01-27T18:00Z,-1.34
2019-01-27T19:00Z,-2.13
2019-01-27T20:00Z,-0.64
2019-01-27T21:00Z,1.31
2019-01-27T22:00Z,0.39
2019-01-27T23:00Z,0.54
2019-01-28,1.27
2019-01-28T01:00Z,5.09
2019-01-28T02:00Z,3.83
2019-01-28T03:00Z,2.48
2019-01-28T04:00Z,2.02
2019-01-28T05:00Z,3.19
2019-01-28T06:00Z,1.93
2019-01-28T07:00Z,1.6
2019-01-28T08:00Z,2.08
2019-01-28T09:00Z,1.81
2019-01-28T10:00Z,1.01
2019-01-28T11:00Z,0.98
2019-01-28T12:00Z,2.27
2019-01-28T13:00Z,0.94
2019-01-28T14:00Z,1.2
2019-01-28T15:00Z,3.27
2019-01-28T16:00Z,0.91
2019-01-28T17:00Z,0.98
2019-01-28T18:00Z,0.13
2019-01-28T19:00Z,-1.33
2019-01-28T20:00Z,-0.86
2019-01-28T21:00Z,0.92
2019-01-28T22:00Z,3.18
2019-01-28T23:00Z,0.96
2019-01-29,1.27
2019-01-29T01:00Z,1.97
2019-01-29T02:00Z,4.13
2019-01-29T03:00Z,1.68
2019-01-29T04:00Z,1.52
2019-01-29T05:00Z,3.06
2019-01-29T06:00Z,10.05
2019-01-29T07:00Z,5.01
2019-01-29T08:00Z,0.96
2019-01-29T09:00Z,2.27
2019-01-29T10:00Z,0.96
2019-01-29T11:00Z,1.38
2019-01-29T12:00Z,1.64
2019-01-29T13:00Z,1.99
2019-01-29T14:00Z,1.38
2019-01-29T15:00Z,3.12
2019-01-29T16:00Z,0.9
2019-01-29T17:00Z,-0.4
2019-01-29T18:00Z,-1.75
2019-01-29T19:00Z,0.42
2019-01-29T20:00Z,1.12
2019-01-29T21:00Z,-0.29
2019-01-29T22:00Z,0.76
2019-01-29T23:00Z,1.05
2019-01-30,3.21
2019-01-30T01:00Z,4.26
2019-01-30T02:00Z,2.42
2019-01-30T03:00Z,3.95
2019-01-30T04:00Z,2.52
2019-01-30T05:00Z,1.75
2019-01-30T06:00Z,3.01
2019-01-30T07:00Z,1.83
2019-01-30T08:00Z,1.02
2019-01-30T09:00Z,1.29
2019-01-30T10:00Z,2.27
2019-01-30T11:00Z,0.95
2019-01-30T12:00Z,0.95
2019-01-30T13:00Z,2.89
2019-01-30T14:00Z,1.17
2019-01-30T15:00Z,1.62
2019-01-30T16:00Z,1.74
2019-01-30T17:00Z,1.92
2019-01-30T18:00Z,-1.11
2019-01-30T19:00Z,-3.03
2019-01-30T20:00Z,0.67
2019-01-30T21:00Z,1.37
2019-01-30T22:00Z,1.05
2019-01-30T23:00Z,1.34
2019-01-31,1.67
2019-01-31T01:00Z,2.69
2019-01-31T02:00Z,10.11
2019-01-31T03:00Z,9.03
2019-01-31T04:00Z,2.85
2019-01-31T05:00Z,2.41
2019-01-31T06:00Z,1.54
2019-01-31T07:00Z,0.94
2019-01-31T08:00Z,2.5
2019-01-31T09:00Z,1.42
2019-01-31T10:00Z,1.47
2019-01-31T11:00Z,1.81
2019-01-31T12:00Z,2.33
2019-01-31T13:00Z,0.87
2019-01-31T14:00Z,1.6
2019-01-31T15:00Z,2.44
2019-01-31T16:00Z,1.04
2019-01-31T17:00Z,1.63
2019-01-31T18:00Z,2.8
2019-01-31T19:00Z,0.88
2019-01-31T20:00Z,1.08
2019-01-31T21:00Z,0.37
2019-01-31T22:00Z,1.63
2019-01-31T23:00Z,1.7
2019-02-01,2.63
2019-02-01T01:00Z,1.98
2019-02-01T02:00Z,1.76
2019-02-01T03:00Z,2.18
2019-02-01T04:00Z,3.05
2019-02-01T05:00Z,4.37
2019-02-01T06:00Z,9.21
2019-02-01T07:00Z,9.45
2019-02-01T08:00Z,9.41
2019-02-01T09:00Z,7.72
2019-02-01T10:00Z,1.29
2019-02-01T11:00Z,2.4
2019-02-01T12:00Z,0.95
2019-02-01T13:00Z,1.79
2019-02-01T14:00Z,2.47
2019-02-01T15:00Z,2.5
2019-02-01T16:00Z,0.93
2019-02-01T17:00Z,0.57
2019-02-01T18:00Z,1.94
2019-02-01T19:00Z,0.69
2019-02-01T20:00Z,0.95
2019-02-01T21:00Z,1.06
2019-02-01T22:00Z,1.89
2019-02-01T23:00Z,0.72
2019-02-02,1.55
2019-02-02T01:00Z,5.29
2019-02-02T02:00Z,1.64
2019-02-02T03:00Z,4.25
2019-02-02T04:00Z,2.38
2019-02-02T05:00Z,1.25
2019-02-02T06:00Z,0.97
2019-02-02T07:00Z,2.56
2019-02-02T08:00Z,0.92
2019-02-02T09:00Z,0.88
2019-02-02T10:00Z,2.38
2019-02-02T11:00Z,1.5
2019-02-02T12:00Z,0.91
2019-02-02T13:00Z,2.44
2019-02-02T14:00Z,2.4
2019-02-02T15:00Z,2.75
2019-02-02T16:00Z,1.94
2019-02-02T17:00Z,0.83
2019-02-02T18:00Z,-0.97
2019-02-02T19:00Z,-0.01
2019-02-02T20:00Z,1.23
2019-02-02T21:00Z,-0.48
2019-02-02T22:00Z,1.64
2019-02-02T23:00Z,2.38
2019-02-03,2.45
2019-02-03T01:00Z,2.6
2019-02-03T02:00Z,2.81
2019-02-03T03:00Z,3.17
2019-02-03T04:00Z,3.97
2019-02-03T05:00Z,1.82
2019-02-03T06:00Z,3.36
2019-02-03T07:00Z,0.95
2019-02-03T08:00Z,1.34
2019-02-03T09:00Z,2.03
2019-02-03T10:00Z,0.92
2019-02-03T11:00Z,0.97
2019-02-03T12:00Z,2.44
2019-02-03T13:00Z,2.04
2019-02-03T14:00Z,2.33
2019-02-03T15:00Z,3.1
2019-02-03T16:00Z,1.93
2019-02-03T17:00Z,0.96
2019-02-03T18:00Z,2.92
2019-02-03T19:00Z,9.62
2019-02-03T20:00Z,9.46
2019-02-03T21:00Z,8.19
2019-02-03T22:00Z,1.76
2019-02-03T23:00Z,1.57
2019-02-04,2.76
2019-02-04T01:00Z,2.59
2019-02-04T02:00Z,2.75
2019-02-04T03:00Z,4.06
2019-02-04T04:00Z,2.32
2019-02-04T05:00Z,1.74
2019-02-04T06:00Z,3.85
2019-02-04T07:00Z,0.97
2019-02-04T08:00Z,0.93
2019-02-04T09:00Z,3
2019-02-04T10:00Z,0.93
2019-02-04T11:00Z,0.91
2019-02-04T12:00Z,2.41
2019-02-04T13:00Z,2.53
2019-02-04T14:00Z,4.84
2019-02-04T15:00Z,3.83
2019-02-04T16:00Z,2.05
2019-02-04T17:00Z,1.32
2019-02-04T18:00Z,0.47
2019-02-04T19:00Z,-1.58
2019-02-04T20:00Z,-1.35
2019-02-04T21:00Z,1.23
2019-02-04T22:00Z,2.08
2019-02-04T23:00Z,1.58
2019-02-05,3.76
2019-02-05T01:00Z,3.29
2019-02-05T02:00Z,4.25
2019-02-05T03:00Z,4.49
2019-02-05T04:00Z,2.98
2019-02-05T05:00Z,8.93
2019-02-05T06:00Z,8.97
2019-02-05T07:00Z,3.33
2019-02-05T08:00Z,2.52
2019-02-05T09:00Z,1.38
2019-02-05T10:00Z,1.44
2019-02-05T11:00Z,3.85
2019-02-05T12:00Z,2.21
2019-02-05T13:00Z,3.48
2019-02-05T14:00Z,9.51
2019-02-05T15:00Z,6.52
2019-02-05T16:00Z,1.95
2019-02-05T17:00Z,-0.75
2019-02-05T18:00Z,-3.95
2019-02-05T19:00Z,-2.78
2019-02-05T20:00Z,-1.09
2019-02-05T21:00Z,0.64
2019-02-05T22:00Z,2.04
2019-02-05T23:00Z,2.41
2019-02-06,1.57
2019-02-06T01:00Z,3.76
2019-02-06T02:00Z,2.06
2019-02-06T03:00Z,3.39
2019-02-06T04:00Z,4.1
2019-02-06T05:00Z,9.05
2019-02-06T06:00Z,10.27
2019-02-06T07:00Z,8.57
2019-02-06T08:00Z,8.8
2019-02-06T09:00Z,10.06
2019-02-06T10:00Z,1.77
2019-02-06T11:00Z,1.88
2019-02-06T12:00Z,3.36
2019-02-06T13:00Z,3.08
2019-02-06T14:00Z,6.71
2019-02-06T15:00Z,4.43
2019-02-06T16:00Z,1.14
2019-02-06T17:00Z,-1.93
2019-02-06T18:00Z,-1.94
2019-02-06T19:00Z,-3.24
2019-02-06T20:00Z,-1.1
2019-02-06T21:00Z,0.99
2019-02-06T22:00Z,-0.23
2019-02-06T23:00Z,3.06
2019-02-07,2.49
2019-02-07T01:00Z,2.1
2019-02-07T02:00Z,3.16
2019-02-07T03:00Z,3.01
2019-02-07T04:00Z,1.59
2019-02-07T05:00Z,2.14
2019-02-07T06:00Z,3.08
2019-02-07T07:00Z,0.97
2019-02-07T08:00Z,0.98
2019-02-07T09:00Z,2.85
2019-02-07T10:00Z,1.04
2019-02-07T11:00Z,2.23
2019-02-07T12:00Z,2.98
2019-02-07T13:00Z,3.2
2019-02-07T14:00Z,7.41
2019-02-07T15:00Z,4.51
2019-02-07T16:00Z,1.53
2019-02-07T17:00Z,-1.01
2019-02-07T18:00Z,-0.72
2019-02-07T19:00Z,-1.99
2019-02-07T20:00Z,-0.5
2019-02-07T21:00Z,2.7
2019-02-07T22:00Z,0.72
2019-02-07T23:00Z,0.5
2019-02-08,2.56
2019-02-08T01:00Z,2.96
2019-02-08T02:00Z,2.65
2019-02-08T03:00Z,4.96
2019-02-08T04:00Z,2.25
2019-02-08T05:00Z,2.59
2019-02-08T06:00Z,3.79
2019-02-08T07:00Z,1.49
2019-02-08T08:00Z,0.94
2019-02-08T09:00Z,2.5
2019-02-08T10:00Z,0.9
2019-02-08T11:00Z,0.92
2019-02-08T12:00Z,2.46
2019-02-08T13:00Z,2.42
2019-02-08T14:00Z,6.3
2019-02-08T15:00Z,3.81
2019-02-08T16:00Z,0.7
2019-02-08T17:00Z,-0.78
2019-02-08T18:00Z,0.87
2019-02-08T19:00Z,0.2
2019-02-08T20:00Z,4.9
2019-02-08T21:00Z,4.27
2019-02-08T22:00Z,3.12
2019-02-08T23:00Z,2.56
2019-02-09,3.79
2019-02-09T01:00Z,3.1
2019-02-09T02:00Z,3.5
2019-02-09T03:00Z,2.9
2019-02-09T04:00Z,2.86
2019-02-09T05:00Z,3.28
2019-02-09T06:00Z,3.89
2019-02-09T07:00Z,1.15
2019-02-09T08:00Z,1.34
2019-02-09T09:00Z,3.04
2019-02-09T10:00Z,1.14
2019-02-09T11:00Z,1.53
2019-02-09T12:00Z,3.27
2019-02-09T13:00Z,2.96
2019-02-09T14:00Z,7.09
2019-02-09T15:00Z,4.86
2019-02-09T16:00Z,0.83
2019-02-09T17:00Z,0.49
2019-02-09T18:00Z,2.51
2019-02-09T19:00Z,0.23
2019-02-09T20:00Z,1.99
2019-02-09T21:00Z,5.28
2019-02-09T22:00Z,8.37
2019-02-09T23:00Z,10.7
2019-02-10,11.74
2019-02-10T01:00Z,11.25
2019-02-10T02:00Z,8.58
2019-02-10T03:00Z,3.74
2019-02-10T04:00Z,3.48
2019-02-10T05:00Z,4.06
2019-02-10T06:00Z,2.65
2019-02-10T07:00Z,1.79
2019-02-10T08:00Z,2.02
2019-02-10T09:00Z,0.94
2019-02-10T10:00Z,2.49
2019-02-10T11:00Z,2.77
2019-02-10T12:00Z,1.59
2019-02-10T13:00Z,2.54
2019-02-10T14:00Z,7.82
2019-02-10T15:00Z,4.91
2019-02-10T16:00Z,1.85
2019-02-10T17:00Z,-0.46
2019-02-10T18:00Z,-2.08
2019-02-10T19:00Z,-3.75
2019-02-10T20:00Z,0.24
2019-02-10T21:00Z,-0.04
2019-02-10T22:00Z,2.25
2019-02-10T23:00Z,2.01
2019-02-11,1.28
2019-02-11T01:00Z,3.82
2019-02-11T02:00Z,1.85
2019-02-11T03:00Z,3.1
2019-02-11T04:00Z,2.64
2019-02-11T05:00Z,4.08
2019-02-11T06:00Z,2.05
2019-02-11T07:00Z,1.24
2019-02-11T08:00Z,2.68
2019-02-11T09:00Z,1
2019-02-11T10:00Z,1.59
2019-02-11T11:00Z,3.17
2019-02-11T12:00Z,1.69
2019-02-11T13:00Z,4.1
2019-02-11T14:00Z,7.96
2019-02-11T15:00Z,4.9
2019-02-11T16:00Z,0.75
2019-02-11T17:00Z,0.56
2019-02-11T18:00Z,0.26
2019-02-11T19:00Z,-2.26
2019-02-11T20:00Z,-2.55
2019-02-11T21:00Z,0.47
2019-02-11T22:00Z,0.39
2019-02-11T23:00Z,0.78
2019-02-12,4.22
2019-02-12T01:00Z,2.67
2019-02-12T02:00Z,2.41
2019-02-12T03:00Z,4.15
2019-02-12T04:00Z,2.41
2019-02-12T05:00Z,3.15
2019-02-12T06:00Z,2.8
2019-02-12T07:00Z,1.4
2019-02-12T08:00Z,1
2019-02-12T09:00Z,3.24
2019-02-12T10:00Z,1.26
2019-02-12T11:00Z,1.5
2019-02-12T12:00Z,1.06
2019-02-12T13:00Z,4.28
2019-02-12T14:00Z,7.81
2019-02-12T15:00Z,4.2
2019-02-12T16:00Z,2.8
2019-02-12T17:00Z,2.77
2019-02-12T18:00Z,4.4
2019-02-12T19:00Z,2.26
2019-02-12T20:00Z,2.02
2019-02-12T21:00Z,2.01
2019-02-12T22:00Z,2.97
2019-02-12T23:00Z,3.16
2019-02-13,3.44
2019-02-13T01:00Z,3.2
2019-02-13T02:00Z,2.87
2019-02-13T03:00Z,3.69
2019-02-13T04:00Z,1.61
2019-02-13T05:00Z,1.83
2019-02-13T06:00Z,2.39
2019-02-13T07:00Z,2.77
2019-02-13T08:00Z,0.99
2019-02-13T09:00Z,1.1
2019-02-13T10:00Z,3
2019-02-13T11:00Z,1.1
2019-02-13T12:00Z,1.32
2019-02-13T13:00Z,4.45
2019-02-13T14:00Z,6.57
2019-02-13T15:00Z,4.94
2019-02-13T16:00Z,1.96
2019-02-13T17:00Z,1.84
2019-02-13T18:00Z,2.56
2019-02-13T19:00Z,1.06
2019-02-13T20:00Z,0.87
2019-02-13T21:00Z,2.78
2019-02-13T22:00Z,1.08
2019-02-13T23:00Z,6.61
2019-02-14,8.59
2019-02-14T01:00Z,3.3
2019-02-14T02:00Z,2.2
2019-02-14T03:00Z,2.95
2019-02-14T04:00Z,1.61
2019-02-14T05:00Z,1.9
2019-02-14T06:00Z,2.04
2019-02-14T07:00Z,0.92
2019-02-14T08:00Z,1.34
2019-02-14T09:00Z,1.93
2019-02-14T10:00Z,0.95
2019-02-14T11:00Z,1.46
2019-02-14T12:00Z,2.09
2019-02-14T13:00Z,1.19
2019-02-14T14:00Z,3.25
2019-02-14T15:00Z,3.07
2019-02-14T16:00Z,1.68
2019-02-14T17:00Z,1.69
2019-02-14T18:00Z,3.05
2019-02-14T19:00Z,1.86
2019-02-14T20:00Z,-0.76
2019-02-14T21:00Z,2.15
2019-02-14T22:00Z,2.02
2019-02-14T23:00Z,1.82
2019-02-15,2.01
2019-02-15T01:00Z,10.14
2019-02-15T02:00Z,10.79
2019-02-15T03:00Z,11.08
2019-02-15T04:00Z,9.66
2019-02-15T05:00Z,3.87
2019-02-15T06:00Z,1.56
2019-02-15T07:00Z,0.91
2019-02-15T08:00Z,2.68
2019-02-15T09:00Z,0.95
2019-02-15T10:00Z,0.95
2019-02-15T11:00Z,2.52
2019-02-15T12:00Z,1.4
2019-02-15T13:00Z,2.64
2019-02-15T14:00Z,6.06
2019-02-15T15:00Z,2.99
2019-02-15T16:00Z,0.8
2019-02-15T17:00Z,-0.3
2019-02-15T18:00Z,-1.12
2019-02-15T19:00Z,-2.16
2019-02-15T20:00Z,0.61
2019-02-15T21:00Z,2.42
2019-02-15T22:00Z,2.49
2019-02-15T23:00Z,1.02
2019-02-16,4.1
2019-02-16T01:00Z,6.5
2019-02-16T02:00Z,3.87
2019-02-16T03:00Z,2.19
2019-02-16T04:00Z,2.71
2019-02-16T05:00Z,2.37
2019-02-16T06:00Z,1.04
2019-02-16T07:00Z,1.48
2019-02-16T08:00Z,1.98
2019-02-16T09:00Z,1.25
2019-02-16T10:00Z,1.72
2019-02-16T11:00Z,2.03
2019-02-16T12:00Z,0.94
2019-02-16T13:00Z,2.79
2019-02-16T14:00Z,7.48
2019-02-16T15:00Z,4.76
2019-02-16T16:00Z,1.97
2019-02-16T17:00Z,-0.7
2019-02-16T18:00Z,-3.24
2019-02-16T19:00Z,-2.62
2019-02-16T20:00Z,-0.04
2019-02-16T21:00Z,-0.14
2019-02-16T22:00Z,0.59
2019-02-16T23:00Z,3.21
2019-02-17,2.38
2019-02-17T01:00Z,3.87
2019-02-17T02:00Z,3.79
2019-02-17T03:00Z,2.71
2019-02-17T04:00Z,3.25
2019-02-17T05:00Z,2.84
2019-02-17T06:00Z,1.71
2019-02-17T07:00Z,1.59
2019-02-17T08:00Z,2.27
2019-02-17T09:00Z,1.04
2019-02-17T10:00Z,1.27
2019-02-17T11:00Z,2.42
2019-02-17T12:00Z,1.26
2019-02-17T13:00Z,2.09
2019-02-17T14:00Z,7.6
2019-02-17T15:00Z,3.54
2019-02-17T16:00Z,0.15
2019-02-17T17:00Z,-0.5
2019-02-17T18:00Z,-2.71
2019-02-17T19:00Z,-3.83
2019-02-17T20:00Z,-1.36
2019-02-17T21:00Z,1.8
2019-02-17T22:00Z,0.73
2019-02-17T23:00Z,1.08
2019-02-18,2.16
2019-02-18T01:00Z,1.7
2019-02-18T02:00Z,1.38
2019-02-18T03:00Z,4.3
2019-02-18T04:00Z,3.44
2019-02-18T05:00Z,2.59
2019-02-18T06:00Z,3.25
2019-02-18T07:00Z,1.12
2019-02-18T08:00Z,1.13
2019-02-18T09:00Z,2.82
2019-02-18T10:00Z,1.75
2019-02-18T11:00Z,1.52
2019-02-18T12:00Z,3.17
2019-02-18T13:00Z,2.84
2019-02-18T14:00Z,7.53
2019-02-18T15:00Z,5.09
2019-02-18T16:00Z,0.36
2019-02-18T17:00Z,-1.89
2019-02-18T18:00Z,-2.12
2019-02-18T19:00Z,-4.1
2019-02-18T20:00Z,-1.62
2019-02-18T21:00Z,1.27
2019-02-18T22:00Z,3.71
2019-02-18T23:00Z,2.05
2019-02-19,2.33
2019-02-19T01:00Z,4.46
2019-02-19T02:00Z,2.05
2019-02-19T03:00Z,2.95
2019-02-19T04:00Z,5.54
2019-02-19T05:00Z,10.93
2019-02-19T06:00Z,8.57
2019-02-19T07:00Z,8.72
2019-02-19T08:00Z,2.65
2019-02-19T09:00Z,2.49
2019-02-19T10:00Z,0.99
2019-02-19T11:00Z,1.48
2019-02-19T12:00Z,2.42
2019-02-19T13:00Z,2.69
2019-02-19T14:00Z,5.74
2019-02-19T15:00Z,4.42
2019-02-19T16:00Z,2.28
2019-02-19T17:00Z,-2.58
2019-02-19T18:00Z,-2.15
2019-02-19T19:00Z,-4.13
2019-02-19T20:00Z,-1.5
2019-02-19T21:00Z,0.82
2019-02-19T22:00Z,2.99
2019-02-19T23:00Z,0.98
2019-02-20,0.48
2019-02-20T01:00Z,6.47
2019-02-20T02:00Z,9.55
2019-02-20T03:00Z,10.46
2019-02-20T04:00Z,10.79
2019-02-20T05:00Z,10.98
2019-02-20T06:00Z,6.17
2019-02-20T07:00Z,1.03
2019-02-20T08:00Z,2.73
2019-02-20T09:00Z,0.99
2019-02-20T10:00Z,1.08
2019-02-20T11:00Z,1
2019-02-20T12:00Z,2.89
2019-02-20T13:00Z,2.19
2019-02-20T14:00Z,6.29
2019-02-20T15:00Z,4.82
2019-02-20T16:00Z,0.62
2019-02-20T17:00Z,-1.6
2019-02-20T18:00Z,-0.91
2019-02-20T19:00Z,-2.9
2019-02-20T20:00Z,-1.26
2019-02-20T21:00Z,0.27
2019-02-20T22:00Z,2.55
2019-02-20T23:00Z,0.58
2019-02-21,0.66
2019-02-21T01:00Z,3.32
2019-02-21T02:00Z,1.87
2019-02-21T03:00Z,5.66
2019-02-21T04:00Z,8.04
2019-02-21T05:00Z,2.37
2019-02-21T06:00Z,1.42
2019-02-21T07:00Z,0.97
2019-02-21T08:00Z,2.83
2019-02-21T09:00Z,1
2019-02-21T10:00Z,1.29
2019-02-21T11:00Z,1.61
2019-02-21T12:00Z,3.72
2019-02-21T13:00Z,3
2019-02-21T14:00Z,7.3
2019-02-21T15:00Z,3.66
2019-02-21T16:00Z,0.88
2019-02-21T17:00Z,-2.39
2019-02-21T18:00Z,-2.16
2019-02-21T19:00Z,-4.31
2019-02-21T20:00Z,-1.07
2019-02-21T21:00Z,0.88
2019-02-21T22:00Z,2.66
2019-02-21T23:00Z,1.03
2019-02-22,4.33
2019-02-22T01:00Z,2.73
2019-02-22T02:00Z,2.38
2019-02-22T03:00Z,2.58
2019-02-22T04:00Z,3.3
2019-02-22T05:00Z,1.76
2019-02-22T06:00Z,1.27
2019-02-22T07:00Z,1.37
2019-02-22T08:00Z,2.16
2019-02-22T09:00Z,1.22
2019-02-22T10:00Z,1.07
2019-02-22T11:00Z,3.12
2019-02-22T12:00Z,0.89
2019-02-22T13:00Z,2.34
2019-02-22T14:00Z,7.25
2019-02-22T15:00Z,4.06
2019-02-22T16:00Z,0.67
2019-02-22T17:00Z,0.37
2019-02-22T18:00Z,-0.45
2019-02-22T19:00Z,-4.63
2019-02-22T20:00Z,-2.28
2019-02-22T21:00Z,0.33
2019-02-22T22:00Z,0.89
2019-02-22T23:00Z,2.27
2019-02-23,0.55
2019-02-23T01:00Z,1.68
2019-02-23T02:00Z,9.19
2019-02-23T03:00Z,9.25
2019-02-23T04:00Z,9.51
2019-02-23T05:00Z,9.62
2019-02-23T06:00Z,11.02
2019-02-23T07:00Z,8.23
2019-02-23T08:00Z,1.65
2019-02-23T09:00Z,2.77
2019-02-23T10:00Z,1.16
2019-02-23T11:00Z,1.76
2019-02-23T12:00Z,1.61
2019-02-23T13:00Z,4.58
2019-02-23T14:00Z,6.79
2019-02-23T15:00Z,4.38
2019-02-23T16:00Z,2.34
2019-02-23T17:00Z,-1.9
2019-02-23T18:00Z,-2.38
2019-02-23T19:00Z,-1.47
2019-02-23T20:00Z,0.27
2019-02-23T21:00Z,-0.8
2019-02-23T22:00Z,0.44
2019-02-23T23:00Z,-0.18
2019-02-24,2.39
2019-02-24T01:00Z,4.3
2019-02-24T02:00Z,2.84
2019-02-24T03:00Z,5.05
2019-02-24T04:00Z,2.87
2019-02-24T05:00Z,2.08
2019-02-24T06:00Z,1.37
2019-02-24T07:00Z,3.27
2019-02-24T08:00Z,1.02
2019-02-24T09:00Z,1.26
2019-02-24T10:00Z,3.05
2019-02-24T11:00Z,1.54
2019-02-24T12:00Z,1.02
2019-02-24T13:00Z,2.28
2019-02-24T14:00Z,6.58
2019-02-24T15:00Z,3.22
2019-02-24T16:00Z,2.71
2019-02-24T17:00Z,2.7
2019-02-24T18:00Z,1.68
2019-02-24T19:00Z,-1.63
2019-02-24T20:00Z,-1.1
2019-02-24T21:00Z,-0.29
2019-02-24T22:00Z,5.14
2019-02-24T23:00Z,1.63
2019-02-25,2.73
2019-02-25T01:00Z,4.59
2019-02-25T02:00Z,3.01
2019-02-25T03:00Z,2.18
2019-02-25T04:00Z,2.69
2019-02-25T05:00Z,3.55
2019-02-25T06:00Z,1.74
2019-02-25T07:00Z,0.98
2019-02-25T08:00Z,3.31
2019-02-25T09:00Z,1.08
2019-02-25T10:00Z,0.98
2019-02-25T11:00Z,0.96
2019-02-25T12:00Z,2.79
2019-02-25T13:00Z,1.09
2019-02-25T14:00Z,5.46
2019-02-25T15:00Z,3.69
2019-02-25T16:00Z,1.82
2019-02-25T17:00Z,2.34
2019-02-25T18:00Z,1.35
2019-02-25T19:00Z,3.23
2019-02-25T20:00Z,1.93
2019-02-25T21:00Z,1.96
2019-02-25T22:00Z,3.29
2019-02-25T23:00Z,2.04
2019-02-26,4.47
2019-02-26T01:00Z,5.91
2019-02-26T02:00Z,4.15
2019-02-26T03:00Z,5.05
2019-02-26T04:00Z,2.79
2019-02-26T05:00Z,1.75
2019-02-26T06:00Z,3.79
2019-02-26T07:00Z,0.95
2019-02-26T08:00Z,1.01
2019-02-26T09:00Z,2.72
2019-02-26T10:00Z,1.82
2019-02-26T11:00Z,0.97
2019-02-26T12:00Z,2.64
2019-02-26T13:00Z,2.9
2019-02-26T14:00Z,4.67
2019-02-26T15:00Z,3.91
2019-02-26T16:00Z,1.81
2019-02-26T17:00Z,1.69
2019-02-26T18:00Z,3.93
2019-02-26T19:00Z,0.95
2019-02-26T20:00Z,0.82
2019-02-26T21:00Z,0.67
2019-02-26T22:00Z,2.73
2019-02-26T23:00Z,6.35
2019-02-27,1.88
2019-02-27T01:00Z,8.41
2019-02-27T02:00Z,11.48
2019-02-27T03:00Z,12.32
2019-02-27T04:00Z,9.44
2019-02-27T05:00Z,2.63
2019-02-27T06:00Z,1.69
2019-02-27T07:00Z,2.84
2019-02-27T08:00Z,0.96
2019-02-27T09:00Z,1.03
2019-02-27T10:00Z,1.87
2019-02-27T11:00Z,2.52
2019-02-27T12:00Z,1.04
2019-02-27T13:00Z,1.95
2019-02-27T14:00Z,5.68
2019-02-27T15:00Z,3.69
2019-02-27T16:00Z,0.88
2019-02-27T17:00Z,1.47
2019-02-27T18:00Z,0.9
2019-02-27T19:00Z,1.45
2019-02-27T20:00Z,-0.21
2019-02-27T21:00Z,-0.81
2019-02-27T22:00Z,1.48
2019-02-27T23:00Z,1.39
2019-02-28,1.89
2019-02-28T01:00Z,3.18
2019-02-28T02:00Z,3.42
2019-02-28T03:00Z,1.52
2019-02-28T04:00Z,2
2019-02-28T05:00Z,11.54
2019-02-28T06:00Z,8.68
2019-02-28T07:00Z,8.55
2019-02-28T08:00Z,8.61
2019-02-28T09:00Z,8.56
2019-02-28T10:00Z,1.37
2019-02-28T11:00Z,1.9
2019-02-28T12:00Z,3.65
2019-02-28T13:00Z,2.24
2019-02-28T14:00Z,6.1
2019-02-28T15:00Z,3.45
2019-02-28T16:00Z,-0.1
2019-02-28T17:00Z,-0.53
2019-02-28T18:00Z,-1.57
2019-02-28T19:00Z,-0.98
2019-02-28T20:00Z,-0.59
2019-02-28T21:00Z,0.25
2019-02-28T22:00Z,2.1
2019-02-28T23:00Z,2.49
2019-03-01,1.49
2019-03-01T01:00Z,2.01
2019-03-01T02:00Z,3.54
2019-03-01T03:00Z,6.08
2019-03-01T04:00Z,9.16
2019-03-01T05:00Z,1.93
2019-03-01T06:00Z,2.49
2019-03-01T07:00Z,0.9
2019-03-01T08:00Z,0.96
2019-03-01T09:00Z,3.74
2019-03-01T10:00Z,1.48
2019-03-01T11:00Z,1.69
2019-03-01T12:00Z,1.95
2019-03-01T13:00Z,5.49
2019-03-01T14:00Z,5.89
2019-03-01T15:00Z,3.97
2019-03-01T16:00Z,2.04
2019-03-01T17:00Z,0.89
2019-03-01T18:00Z,0.13
2019-03-01T19:00Z,2.97
2019-03-01T20:00Z,1.1
2019-03-01T21:00Z,-0.07
2019-03-01T22:00Z,-0.15
2019-03-01T23:00Z,3.08
2019-03-02,1.25
2019-03-02T01:00Z,2.26
2019-03-02T02:00Z,5.13
2019-03-02T03:00Z,2.88
2019-03-02T04:00Z,2.14
2019-03-02T05:00Z,1.86
2019-03-02T06:00Z,1.23
2019-03-02T07:00Z,2.73
2019-03-02T08:00Z,1.42
2019-03-02T09:00Z,0.94
2019-03-02T10:00Z,2.59
2019-03-02T11:00Z,0.93
2019-03-02T12:00Z,0.96
2019-03-02T13:00Z,1.42
2019-03-02T14:00Z,5.21
2019-03-02T15:00Z,2.87
2019-03-02T16:00Z,1.95
2019-03-02T17:00Z,1.49
2019-03-02T18:00Z,3.48
2019-03-02T19:00Z,1.06
2019-03-02T20:00Z,2.28
2019-03-02T21:00Z,2.69
2019-03-02T22:00Z,0.56
2019-03-02T23:00Z,0.92
2019-03-03,4.14
2019-03-03T01:00Z,4.61
2019-03-03T02:00Z,2.81
2019-03-03T03:00Z,2.24
2019-03-03T04:00Z,2.97
2019-03-03T05:00Z,3.04
2019-03-03T06:00Z,1.55
2019-03-03T07:00Z,1.54
2019-03-03T08:00Z,1.07
2019-03-03T09:00Z,2.61
2019-03-03T10:00Z,0.89
2019-03-03T11:00Z,0.88
2019-03-03T12:00Z,2.52
2019-03-03T13:00Z,0.85
2019-03-03T14:00Z,2.14
2019-03-03T15:00Z,2.88
2019-03-03T16:00Z,1.29
2019-03-03T17:00Z,-0.67
2019-03-03T18:00Z,-1.88
2019-03-03T19:00Z,-1.54
2019-03-03T20:00Z,-2.66
2019-03-03T21:00Z,5.1
2019-03-03T22:00Z,10.55
2019-03-03T23:00Z,1.82
2019-03-04,2.8
2019-03-04T01:00Z,3.77
2019-03-04T02:00Z,2.27
2019-03-04T03:00Z,2.99
2019-03-04T04:00Z,2.06
2019-03-04T05:00Z,3.38
2019-03-04T06:00Z,1.21
2019-03-04T07:00Z,0.94
2019-03-04T08:00Z,1.15
2019-03-04T09:00Z,2.43
2019-03-04T10:00Z,1.01
2019-03-04T11:00Z,1.04
2019-03-04T12:00Z,3.11
2019-03-04T13:00Z,1.61
2019-03-04T14:00Z,2.86
2019-03-04T15:00Z,2.38
2019-03-04T16:00Z,-0.63
2019-03-04T17:00Z,-0.78
2019-03-04T18:00Z,-1.06
2019-03-04T19:00Z,1.94
2019-03-04T20:00Z,0.54
2019-03-04T21:00Z,0.46
2019-03-04T22:00Z,1.96
2019-03-04T23:00Z,1.25
2019-03-05,1.51
2019-03-05T01:00Z,2.53
2019-03-05T02:00Z,7.97
2019-03-05T03:00Z,10.15
2019-03-05T04:00Z,2.72
2019-03-05T05:00Z,1.73
2019-03-05T06:00Z,2.82
2019-03-05T07:00Z,0.9
2019-03-05T08:00Z,0.89
2019-03-05T09:00Z,2.54
2019-03-05T10:00Z,1.36
2019-03-05T11:00Z,0.95
2019-03-05T12:00Z,1.46
2019-03-05T13:00Z,3.2
2019-03-05T14:00Z,4.6
2019-03-05T15:00Z,2.31
2019-03-05T16:00Z,1.6
2019-03-05T17:00Z,2.2
2019-03-05T18:00Z,1.68
2019-03-05T19:00Z,-0.3
2019-03-05T20:00Z,1.58
2019-03-05T21:00Z,0.72
2019-03-05T22:00Z,1.59
2019-03-05T23:00Z,1.27
2019-03-06,4.65
2019-03-06T01:00Z,11.89
2019-03-06T02:00Z,10.54
2019-03-06T03:00Z,10.78
2019-03-06T04:00Z,9.65
2019-03-06T05:00Z,9.3
2019-03-06T06:00Z,2.25
2019-03-06T07:00Z,2.67
2019-03-06T08:00Z,1.08
2019-03-06T09:00Z,1.49
2019-03-06T10:00Z,2.83
2019-03-06T11:00Z,1
2019-03-06T12:00Z,1.07
2019-03-06T13:00Z,1.58
2019-03-06T14:00Z,4.98
2019-03-06T15:00Z,2.77
2019-03-06T16:00Z,1.83
2019-03-06T17:00Z,0.48
2019-03-06T18:00Z,1.47
2019-03-06T19:00Z,0.2
2019-03-06T20:00Z,0.12
2019-03-06T21:00Z,0.77
2019-03-06T22:00Z,0.82
2019-03-06T23:00Z,1.51
2019-03-07,1.72
2019-03-07T01:00Z,3.31
2019-03-07T02:00Z,2.73
2019-03-07T03:00Z,2.65
2019-03-07T04:00Z,3.04
2019-03-07T05:00Z,3.5
2019-03-07T06:00Z,1.94
2019-03-07T07:00Z,1.43
2019-03-07T08:00Z,3.4
2019-03-07T09:00Z,1.6
2019-03-07T10:00Z,1.19
2019-03-07T11:00Z,1.75
2019-03-07T12:00Z,2.91
2019-03-07T13:00Z,1.14
2019-03-07T14:00Z,4.33
2019-03-07T15:00Z,3.79
2019-03-07T16:00Z,1.58
2019-03-07T17:00Z,-0.53
2019-03-07T18:00Z,1.78
2019-03-07T19:00Z,0.48
2019-03-07T20:00Z,-1.2
2019-03-07T21:00Z,-0.57
2019-03-07T22:00Z,2.63
2019-03-07T23:00Z,0.4
2019-03-08,1.32
2019-03-08T01:00Z,2.73
2019-03-08T02:00Z,1.84
2019-03-08T03:00Z,3.33
2019-03-08T04:00Z,2.65
2019-03-08T05:00Z,3.5
2019-03-08T06:00Z,1.31
2019-03-08T07:00Z,1.08
2019-03-08T08:00Z,2.88
2019-03-08T09:00Z,1.04
2019-03-08T10:00Z,1.08
2019-03-08T11:00Z,1
2019-03-08T12:00Z,3.79
2019-03-08T13:00Z,1.89
2019-03-08T14:00Z,6.41
2019-03-08T15:00Z,2.11
2019-03-08T16:00Z,-0.33
2019-03-08T17:00Z,0.14
2019-03-08T18:00Z,-0.27
2019-03-08T19:00Z,-2.33
2019-03-08T20:00Z,-1.4
2019-03-08T21:00Z,-1.24
2019-03-08T22:00Z,1.61
2019-03-08T23:00Z,-0.81
2019-03-09,0.69
2019-03-09T01:00Z,4.17
2019-03-09T02:00Z,2.4
2019-03-09T03:00Z,4.05
2019-03-09T04:00Z,3.62
2019-03-09T05:00Z,11.28
2019-03-09T06:00Z,9.08
2019-03-09T07:00Z,8.6
2019-03-09T08:00Z,3.37
2019-03-09T09:00Z,2.79
2019-03-09T10:00Z,1.32
2019-03-09T11:00Z,1.08
2019-03-09T12:00Z,2.45
2019-03-09T13:00Z,3.97
2019-03-09T14:00Z,5.39
2019-03-09T15:00Z,4.81
2019-03-09T16:00Z,3.01
2019-03-09T17:00Z,1.94
2019-03-09T18:00Z,1.81
2019-03-09T19:00Z,-3.02
2019-03-09T20:00Z,-0.88
2019-03-09T21:00Z,1.58
2019-03-09T22:00Z,2.78
2019-03-09T23:00Z,1.01
2019-03-10,1.74
2019-03-10T01:00Z,3.27
2019-03-10T02:00Z,4.56
2019-03-10T03:00Z,4.96
2019-03-10T04:00Z,3.87
2019-03-10T05:00Z,3.04
2019-03-10T06:00Z,2.06
2019-03-10T07:00Z,3.03
2019-03-10T08:00Z,1.21
2019-03-10T09:00Z,1.57
2019-03-10T10:00Z,1.58
2019-03-10T11:00Z,2.51
2019-03-10T12:00Z,2.05
2019-03-10T13:00Z,3.07
2019-03-10T14:00Z,4.89
2019-03-10T15:00Z,2.52
2019-03-10T16:00Z,2.62
2019-03-10T17:00Z,0.17
2019-03-10T18:00Z,0.1
2019-03-10T19:00Z,-3.93
2019-03-10T20:00Z,0.34
2019-03-10T21:00Z,0.45
2019-03-10T22:00Z,0.48
2019-03-10T23:00Z,2.47
2019-03-11,2.6
2019-03-11T01:00Z,1.72
2019-03-11T02:00Z,1.93
2019-03-11T03:00Z,3.03
2019-03-11T04:00Z,2.31
2019-03-11T05:00Z,1.13
2019-03-11T06:00Z,1.45
2019-03-11T07:00Z,2.6
2019-03-11T08:00Z,0.92
2019-03-11T09:00Z,0.92
2019-03-11T10:00Z,1.48
2019-03-11T11:00Z,2.02
2019-03-11T12:00Z,1.87
2019-03-11T13:00Z,6.03
2019-03-11T14:00Z,5.49
2019-03-11T15:00Z,1.48
2019-03-11T16:00Z,-1.28
2019-03-11T17:00Z,-3.78
2019-03-11T18:00Z,-3.08
2019-03-11T19:00Z,-5.32
2019-03-11T20:00Z,-2.81
2019-03-11T21:00Z,0.34
2019-03-11T22:00Z,0.7
2019-03-11T23:00Z,2.02
2019-03-12,0.61
2019-03-12T01:00Z,2.02
2019-03-12T02:00Z,2.33
2019-03-12T03:00Z,3.65
2019-03-12T04:00Z,1.5
2019-03-12T05:00Z,0.87
2019-03-12T06:00Z,0.96
2019-03-12T07:00Z,2.23
2019-03-12T08:00Z,0.87
2019-03-12T09:00Z,0.83
2019-03-12T10:00Z,1.25
2019-03-12T11:00Z,2.72
2019-03-12T12:00Z,0.8
2019-03-12T13:00Z,1.5
2019-03-12T14:00Z,3.5
2019-03-12T15:00Z,0.81
2019-03-12T16:00Z,-2.69
2019-03-12T17:00Z,-4.16
2019-03-12T18:00Z,-4.55
2019-03-12T19:00Z,-3.96
2019-03-12T20:00Z,-3.38
2019-03-12T21:00Z,-0.88
2019-03-12T22:00Z,0.83
2019-03-12T23:00Z,-0.99
2019-03-13,8.45
2019-03-13T01:00Z,9.73
2019-03-13T02:00Z,9.6
2019-03-13T03:00Z,9.73
2019-03-13T04:00Z,1.41
2019-03-13T05:00Z,1.12
2019-03-13T06:00Z,1.07
2019-03-13T07:00Z,2.96
2019-03-13T08:00Z,0.95
2019-03-13T09:00Z,0.88
2019-03-13T10:00Z,2.6
2019-03-13T11:00Z,0.86
2019-03-13T12:00Z,1.81
2019-03-13T13:00Z,2.22
2019-03-13T14:00Z,4.84
2019-03-13T15:00Z,0.58
2019-03-13T16:00Z,-2.25
2019-03-13T17:00Z,-4.26
2019-03-13T18:00Z,-4.11
2019-03-13T19:00Z,-5.85
2019-03-13T20:00Z,-3.8
2019-03-13T21:00Z,-0.6
2019-03-13T22:00Z,1.31
2019-03-13T23:00Z,0.71
2019-03-14,-0.68
2019-03-14T01:00Z,0.81
2019-03-14T02:00Z,4.29
2019-03-14T03:00Z,9.27
2019-03-14T04:00Z,3.25
2019-03-14T05:00Z,1.49
2019-03-14T06:00Z,1.06
2019-03-14T07:00Z,2.56
2019-03-14T08:00Z,0.97
2019-03-14T09:00Z,0.94
2019-03-14T10:00Z,0.91
2019-03-14T11:00Z,2.6
2019-03-14T12:00Z,2.42
2019-03-14T13:00Z,2.17
2019-03-14T14:00Z,3.65
2019-03-14T15:00Z,0.97
2019-03-14T16:00Z,-2.4
2019-03-14T17:00Z,-4.23
2019-03-14T18:00Z,-5.07
2019-03-14T19:00Z,-3.73
2019-03-14T20:00Z,-1.67
2019-03-14T21:00Z,-0.08
2019-03-14T22:00Z,0.98
2019-03-14T23:00Z,0.05
2019-03-15,0.43
2019-03-15T01:00Z,4.66
2019-03-15T02:00Z,1.33
2019-03-15T03:00Z,1.6
2019-03-15T04:00Z,3.15
2019-03-15T05:00Z,9.09
2019-03-15T06:00Z,10.06
2019-03-15T07:00Z,8.62
2019-03-15T08:00Z,8.61
2019-03-15T09:00Z,5.55
2019-03-15T10:00Z,2.98
2019-03-15T11:00Z,1.27
2019-03-15T12:00Z,0.84
2019-03-15T13:00Z,3.45
2019-03-15T14:00Z,2.09
2019-03-15T15:00Z,0.88
2019-03-15T16:00Z,-1.38
2019-03-15T17:00Z,-1.97
2019-03-15T18:00Z,-4.19
2019-03-15T19:00Z,-4.81
2019-03-15T20:00Z,-3.38
2019-03-15T21:00Z,-0.74
2019-03-15T22:00Z,2.22
2019-03-15T23:00Z,-0.71
2019-03-16,0.66
2019-03-16T01:00Z,2.02
2019-03-16T02:00Z,3.12
2019-03-16T03:00Z,3.48
2019-03-16T04:00Z,1.95
2019-03-16T05:00Z,1.38
2019-03-16T06:00Z,0.84
2019-03-16T07:00Z,2.62
2019-03-16T08:00Z,1.32
2019-03-16T09:00Z,0.9
2019-03-16T10:00Z,0.81
2019-03-16T11:00Z,2.46
2019-03-16T12:00Z,0.91
2019-03-16T13:00Z,1.47
2019-03-16T14:00Z,2.45
2019-03-16T15:00Z,2.22
2019-03-16T16:00Z,-1.35
2019-03-16T17:00Z,-4.09
2019-03-16T18:00Z,-5.01
2019-03-16T19:00Z,-4.08
2019-03-16T20:00Z,-3.81
2019-03-16T21:00Z,-0.6
2019-03-16T22:00Z,1.16
2019-03-16T23:00Z,-0.4
2019-03-17,1.91
2019-03-17T01:00Z,1.64
2019-03-17T02:00Z,2.04
2019-03-17T03:00Z,1.92
2019-03-17T04:00Z,1.57
2019-03-17T05:00Z,1.35
2019-03-17T06:00Z,2.71
2019-03-17T07:00Z,0.93
2019-03-17T08:00Z,0.94
2019-03-17T09:00Z,1.02
2019-03-17T10:00Z,2.46
2019-03-17T11:00Z,1.21
2019-03-17T12:00Z,0.98
2019-03-17T13:00Z,1.52
2019-03-17T14:00Z,3.12
2019-03-17T15:00Z,0.47
2019-03-17T16:00Z,-2.05
2019-03-17T17:00Z,-3.31
2019-03-17T18:00Z,-2.78
2019-03-17T19:00Z,-5.07
2019-03-17T20:00Z,-3.49
2019-03-17T21:00Z,-1.36
2019-03-17T22:00Z,-0.13
2019-03-17T23:00Z,0.91
2019-03-18,9.56
2019-03-18T01:00Z,10.13
2019-03-18T02:00Z,9.29
2019-03-18T03:00Z,9.12
2019-03-18T04:00Z,9.36
2019-03-18T05:00Z,8.58
2019-03-18T06:00Z,2.93
2019-03-18T07:00Z,1.4
2019-03-18T08:00Z,0.89
2019-03-18T09:00Z,0.9
2019-03-18T10:00Z,0.81
2019-03-18T11:00Z,2.45
2019-03-18T12:00Z,1.15
2019-03-18T13:00Z,1.36
2019-03-18T14:00Z,1.88
2019-03-18T15:00Z,1.02
2019-03-18T16:00Z,-2.21
2019-03-18T17:00Z,-3.96
2019-03-18T18:00Z,-4.65
2019-03-18T19:00Z,-3.42
2019-03-18T20:00Z,-2.63
2019-03-18T21:00Z,-0.7
2019-03-18T22:00Z,0.67
2019-03-18T23:00Z,0.76
2019-03-19,1.08
2019-03-19T01:00Z,2.66
2019-03-19T02:00Z,2.33
2019-03-19T03:00Z,2.3
2019-03-19T04:00Z,4.04
2019-03-19T05:00Z,2.83
2019-03-19T06:00Z,0.89
2019-03-19T07:00Z,1.33
2019-03-19T08:00Z,1.06
2019-03-19T09:00Z,2.73
2019-03-19T10:00Z,0.87
2019-03-19T11:00Z,0.84
2019-03-19T12:00Z,1.55
2019-03-19T13:00Z,3.11
2019-03-19T14:00Z,1.55
2019-03-19T15:00Z,-0.21
2019-03-19T16:00Z,-0.84
2019-03-19T17:00Z,-1
2019-03-19T18:00Z,-2.92
2019-03-19T19:00Z,-3.14
2019-03-19T20:00Z,-2.56
2019-03-19T21:00Z,-1.48
2019-03-19T22:00Z,0.43
2019-03-19T23:00Z,-0.26
2019-03-20,0.42
2019-03-20T01:00Z,3.96
2019-03-20T02:00Z,9.67
2019-03-20T03:00Z,9.25
2019-03-20T04:00Z,8.86
2019-03-20T05:00Z,8.08
2019-03-20T06:00Z,2.92
2019-03-20T07:00Z,1.12
2019-03-20T08:00Z,0.81
2019-03-20T09:00Z,0.84
2019-03-20T10:00Z,2.53
2019-03-20T11:00Z,0.82
2019-03-20T12:00Z,0.82
2019-03-20T13:00Z,2.87
2019-03-20T14:00Z,2.39
2019-03-20T15:00Z,0.87
2019-03-20T16:00Z,-0.61
2019-03-20T17:00Z,0.1
2019-03-20T18:00Z,-4.08
2019-03-20T19:00Z,-2.87
2019-03-20T20:00Z,-2.57
2019-03-20T21:00Z,0.2
2019-03-20T22:00Z,1.21
2019-03-20T23:00Z,-0.11
2019-03-21,0.16
2019-03-21T01:00Z,2.1
2019-03-21T02:00Z,1.88
2019-03-21T03:00Z,6.74
2019-03-21T04:00Z,9.85
2019-03-21T05:00Z,10.01
2019-03-21T06:00Z,8.54
2019-03-21T07:00Z,7.69
2019-03-21T08:00Z,1.21
2019-03-21T09:00Z,2.78
2019-03-21T10:00Z,1.08
2019-03-21T11:00Z,1.28
2019-03-21T12:00Z,2.66
2019-03-21T13:00Z,2.63
2019-03-21T14:00Z,2.51
2019-03-21T15:00Z,1.23
2019-03-21T16:00Z,-3.02
2019-03-21T17:00Z,-4.93
2019-03-21T18:00Z,-4.51
2019-03-21T19:00Z,-3.59
2019-03-21T20:00Z,-2.53
2019-03-21T21:00Z,-0.5
2019-03-21T22:00Z,0.18
2019-03-21T23:00Z,-0.77
2019-03-22,1.65
2019-03-22T01:00Z,2.83
2019-03-22T02:00Z,2.9
2019-03-22T03:00Z,2.4
2019-03-22T04:00Z,2.77
2019-03-22T05:00Z,2.31
2019-03-22T06:00Z,0.92
2019-03-22T07:00Z,0.89
2019-03-22T08:00Z,2.94
2019-03-22T09:00Z,0.93
2019-03-22T10:00Z,0.84
2019-03-22T11:00Z,1.03
2019-03-22T12:00Z,2.35
2019-03-22T13:00Z,1.49
2019-03-22T14:00Z,2.36
2019-03-22T15:00Z,2.19
2019-03-22T16:00Z,1.14
2019-03-22T17:00Z,0.14
2019-03-22T18:00Z,1.49
2019-03-22T19:00Z,0.03
2019-03-22T20:00Z,0.2
2019-03-22T21:00Z,1.18
2019-03-22T22:00Z,2.38
2019-03-22T23:00Z,0.63
2019-03-23,1.46
2019-03-23T01:00Z,2.34
2019-03-23T02:00Z,1.87
2019-03-23T03:00Z,2.11
2019-03-23T04:00Z,2.33
2019-03-23T05:00Z,2.16
2019-03-23T06:00Z,1.41
2019-03-23T07:00Z,0.95
2019-03-23T08:00Z,1.05
2019-03-23T09:00Z,2.65
2019-03-23T10:00Z,0.91
2019-03-23T11:00Z,0.86
2019-03-23T12:00Z,1.34
2019-03-23T13:00Z,5.33
2019-03-23T14:00Z,2.91
2019-03-23T15:00Z,0.52
2019-03-23T16:00Z,-0.73
2019-03-23T17:00Z,-3.97
2019-03-23T18:00Z,-3.74
2019-03-23T19:00Z,-5.17
2019-03-23T20:00Z,-0.76
2019-03-23T21:00Z,0.64
2019-03-23T22:00Z,0.21
2019-03-23T23:00Z,4.12
2019-03-24,7.95
2019-03-24T01:00Z,9.85
2019-03-24T02:00Z,9.24
2019-03-24T03:00Z,9.81
2019-03-24T04:00Z,7.23
2019-03-24T05:00Z,2.48
2019-03-24T06:00Z,1
2019-03-24T07:00Z,0.9
2019-03-24T08:00Z,0.97
2019-03-24T09:00Z,3.16
2019-03-24T10:00Z,1.07
2019-03-24T11:00Z,0.95
2019-03-24T12:00Z,2.84
2019-03-24T13:00Z,3.46
2019-03-24T14:00Z,2.6
2019-03-24T15:00Z,1.94
2019-03-24T16:00Z,-0.67
2019-03-24T17:00Z,-2.43
2019-03-24T18:00Z,-4.41
2019-03-24T19:00Z,-3.57
2019-03-24T20:00Z,-3.52
2019-03-24T21:00Z,-2.21
2019-03-24T22:00Z,-0.28
2019-03-24T23:00Z,2.71
2019-03-25,0.79
2019-03-25T01:00Z,1.99
2019-03-25T02:00Z,3.74
2019-03-25T03:00Z,2.67
2019-03-25T04:00Z,1.55
2019-03-25T05:00Z,1.16
2019-03-25T06:00Z,1.6
2019-03-25T07:00Z,2.6
2019-03-25T08:00Z,0.97
2019-03-25T09:00Z,0.92
2019-03-25T10:00Z,0.91
2019-03-25T11:00Z,2.71
2019-03-25T12:00Z,0.97
2019-03-25T13:00Z,2.13
2019-03-25T14:00Z,3
2019-03-25T15:00Z,2.79
2019-03-25T16:00Z,0.7
2019-03-25T17:00Z,0.17
2019-03-25T18:00Z,1.11
2019-03-25T19:00Z,5.31
2019-03-25T20:00Z,3.84
2019-03-25T21:00Z,2.29
2019-03-25T22:00Z,1.39
2019-03-25T23:00Z,3.59
2019-03-26,1.33
2019-03-26T01:00Z,9.02
2019-03-26T02:00Z,9.78
2019-03-26T03:00Z,2.79
2019-03-26T04:00Z,1.16
2019-03-26T05:00Z,1.86
2019-03-26T06:00Z,1.01
2019-03-26T07:00Z,2.53
2019-03-26T08:00Z,0.87
2019-03-26T09:00Z,0.97
2019-03-26T10:00Z,0.89
2019-03-26T11:00Z,3.34
2019-03-26T12:00Z,1.34
2019-03-26T13:00Z,3.66
2019-03-26T14:00Z,4.07
2019-03-26T15:00Z,0.34
2019-03-26T16:00Z,-2.53
2019-03-26T17:00Z,-3.96
2019-03-26T18:00Z,-4.46
2019-03-26T19:00Z,-2.07
2019-03-26T20:00Z,-4.02
2019-03-26T21:00Z,-1.5
2019-03-26T22:00Z,-1.22
2019-03-26T23:00Z,-0.71
2019-03-27,2.15
2019-03-27T01:00Z,1.86
2019-03-27T02:00Z,1.94
2019-03-27T03:00Z,1.75
2019-03-27T04:00Z,1.46
2019-03-27T05:00Z,2.13
2019-03-27T06:00Z,0.86
2019-03-27T07:00Z,0.87
2019-03-27T08:00Z,1.03
2019-03-27T09:00Z,2.86
2019-03-27T10:00Z,1.05
2019-03-27T11:00Z,0.84
2019-03-27T12:00Z,2.62
2019-03-27T13:00Z,1.39
2019-03-27T14:00Z,2.52
2019-03-27T15:00Z,2.79
2019-03-27T16:00Z,1.43
2019-03-27T17:00Z,-0.2
2019-03-27T18:00Z,-1.67
2019-03-27T19:00Z,-1.58
2019-03-27T20:00Z,-2.81
2019-03-27T21:00Z,-1.99
2019-03-27T22:00Z,-0.5
2019-03-27T23:00Z,0.36
2019-03-28,-0.4
2019-03-28T01:00Z,2.45
2019-03-28T02:00Z,9.79
2019-03-28T03:00Z,11.22
2019-03-28T04:00Z,5.9
2019-03-28T05:00Z,1.09
2019-03-28T06:00Z,0.86
2019-03-28T07:00Z,2.65
2019-03-28T08:00Z,1.4
2019-03-28T09:00Z,0.9
2019-03-28T10:00Z,0.87
2019-03-28T11:00Z,2.58
2019-03-28T12:00Z,1.27
2019-03-28T13:00Z,1.65
2019-03-28T14:00Z,2.67
2019-03-28T15:00Z,2.8
2019-03-28T16:00Z,-2
2019-03-28T17:00Z,-3.09
2019-03-28T18:00Z,-3.41
2019-03-28T19:00Z,-0.67
2019-03-28T20:00Z,-0.42
2019-03-28T21:00Z,0.25
2019-03-28T22:00Z,2.71
2019-03-28T23:00Z,3.05
2019-03-29,0.36
2019-03-29T01:00Z,1.86
2019-03-29T02:00Z,2.06
2019-03-29T03:00Z,3.05
2019-03-29T04:00Z,1.41
2019-03-29T05:00Z,1.49
2019-03-29T06:00Z,1.55
2019-03-29T07:00Z,2.73
2019-03-29T08:00Z,1.15
2019-03-29T09:00Z,1.1
2019-03-29T10:00Z,2.71
2019-03-29T11:00Z,1.05
2019-03-29T12:00Z,1.31
2019-03-29T13:00Z,2.41
2019-03-29T14:00Z,3.94
2019-03-29T15:00Z,-0.64
2019-03-29T16:00Z,-3.38
2019-03-29T17:00Z,-2.29
2019-03-29T18:00Z,0.4
2019-03-29T19:00Z,-1.03
2019-03-29T20:00Z,-0.95
2019-03-29T21:00Z,-0.36
2019-03-29T22:00Z,1.49
2019-03-29T23:00Z,-1.21
2019-03-30,-0.62
2019-03-30T01:00Z,1.59
2019-03-30T02:00Z,3.62
2019-03-30T03:00Z,2.36
2019-03-30T04:00Z,1.33
2019-03-30T05:00Z,1
2019-03-30T06:00Z,2.64
2019-03-30T07:00Z,0.95
2019-03-30T08:00Z,0.95
2019-03-30T09:00Z,1.1
2019-03-30T10:00Z,3.03
2019-03-30T11:00Z,0.94
2019-03-30T12:00Z,1.47
2019-03-30T13:00Z,2.57
2019-03-30T14:00Z,4.29
2019-03-30T15:00Z,-0.11
2019-03-30T16:00Z,-1.86
2019-03-30T17:00Z,-3.46
2019-03-30T18:00Z,-3.88
2019-03-30T19:00Z,-5.27
2019-03-30T20:00Z,-4.02
2019-03-30T21:00Z,2.45
2019-03-30T22:00Z,8.27
2019-03-30T23:00Z,7.71
2019-03-31,8.1
2019-03-31T01:00Z,10.61
2019-03-31T02:00Z,11.75
2019-03-31T03:00Z,6.61
2019-03-31T04:00Z,2.44
2019-03-31T05:00Z,1.64
2019-03-31T06:00Z,1.51
2019-03-31T07:00Z,3.38
2019-03-31T08:00Z,1.3
2019-03-31T09:00Z,1.13
2019-03-31T10:00Z,0.99
2019-03-31T11:00Z,2.62
2019-03-31T12:00Z,1.15
2019-03-31T13:00Z,2.44
2019-03-31T14:00Z,2.76
2019-03-31T15:00Z,0.49
2019-03-31T16:00Z,-2.83
2019-03-31T17:00Z,-3.28
2019-03-31T18:00Z,-4.52
2019-03-31T19:00Z,-4.47
2019-03-31T20:00Z,-1.22
2019-03-31T21:00Z,-0.61
2019-03-31T22:00Z,1.13
2019-03-31T23:00Z,0.99
2019-04-01,2.28
2019-04-01T01:00Z,1.33
2019-04-01T02:00Z,2.1
2019-04-01T03:00Z,3.64
2019-04-01T04:00Z,1.41
2019-04-01T05:00Z,1.33
2019-04-01T06:00Z,0.93
2019-04-01T07:00Z,0.95
2019-04-01T08:00Z,3.11
2019-04-01T09:00Z,0.98
2019-04-01T10:00Z,0.89
2019-04-01T11:00Z,0.9
2019-04-01T12:00Z,2.54
2019-04-01T13:00Z,1.39
2019-04-01T14:00Z,2.54
2019-04-01T15:00Z,1.37
2019-04-01T16:00Z,-1.63
2019-04-01T17:00Z,-1.94
2019-04-01T18:00Z,-1.85
2019-04-01T19:00Z,-1.48
2019-04-01T20:00Z,0.79
2019-04-01T21:00Z,-0.4
2019-04-01T22:00Z,0.91
2019-04-01T23:00Z,0.48
2019-04-02,2.78
2019-04-02T01:00Z,9.55
2019-04-02T02:00Z,7.38
2019-04-02T03:00Z,1.77
2019-04-02T04:00Z,1.74
2019-04-02T05:00Z,1.85
2019-04-02T06:00Z,2.4
2019-04-02T07:00Z,0.92
2019-04-02T08:00Z,0.95
2019-04-02T09:00Z,0.92
2019-04-02T10:00Z,2.64
2019-04-02T11:00Z,1.26
2019-04-02T12:00Z,1.01
2019-04-02T13:00Z,1.35
2019-04-02T14:00Z,3.62
2019-04-02T15:00Z,1.26
2019-04-02T16:00Z,0.4
2019-04-02T17:00Z,-0.15
2019-04-02T18:00Z,-0.57
2019-04-02T19:00Z,-2.9
2019-04-02T20:00Z,-2.95
2019-04-02T21:00Z,-0.82
2019-04-02T22:00Z,-0.86
2019-04-02T23:00Z,1.69
2019-04-03,2
2019-04-03T01:00Z,1.37
2019-04-03T02:00Z,2.01
2019-04-03T03:00Z,9.74
2019-04-03T04:00Z,9.52
2019-04-03T05:00Z,8.61
2019-04-03T06:00Z,8.46
2019-04-03T07:00Z,4.74
2019-04-03T08:00Z,0.88
2019-04-03T09:00Z,1.18
2019-04-03T10:00Z,1
2019-04-03T11:00Z,2.38
2019-04-03T12:00Z,1.28
2019-04-03T13:00Z,1.98
2019-04-03T14:00Z,1.67
2019-04-03T15:00Z,1.36
2019-04-03T16:00Z,-1.45
2019-04-03T17:00Z,-1
2019-04-03T18:00Z,-1.81
2019-04-03T19:00Z,-1.73
2019-04-03T20:00Z,-2.81
2019-04-03T21:00Z,-1.63
2019-04-03T22:00Z,-0.34
2019-04-03T23:00Z,0.07
2019-04-04,1.72
2019-04-04T01:00Z,1.32
2019-04-04T02:00Z,1.74
2019-04-04T03:00Z,1.4
2019-04-04T04:00Z,1.99
2019-04-04T05:00Z,1.97
2019-04-04T06:00Z,0.91
2019-04-04T07:00Z,0.84
2019-04-04T08:00Z,1.18
2019-04-04T09:00Z,2.92
2019-04-04T10:00Z,0.91
2019-04-04T11:00Z,0.85
2019-04-04T12:00Z,0.84
2019-04-04T13:00Z,3.43
2019-04-04T14:00Z,2.57
2019-04-04T15:00Z,0.38
2019-04-04T16:00Z,-0.35
2019-04-04T17:00Z,0
2019-04-04T18:00Z,-1.94
2019-04-04T19:00Z,-2.54
2019-04-04T20:00Z,-3.3
2019-04-04T21:00Z,0.65
2019-04-04T22:00Z,-0.71
2019-04-04T23:00Z,0.04
2019-04-05,2.94
2019-04-05T01:00Z,11.08
2019-04-05T02:00Z,10.52
2019-04-05T03:00Z,12.01
2019-04-05T04:00Z,9.39
2019-04-05T05:00Z,10.42
2019-04-05T06:00Z,8.33
2019-04-05T07:00Z,1.8
2019-04-05T08:00Z,0.92
2019-04-05T09:00Z,3.2
2019-04-05T10:00Z,0.85
2019-04-05T11:00Z,0.85
2019-04-05T12:00Z,0.83
2019-04-05T13:00Z,2.86
2019-04-05T14:00Z,1.97
2019-04-05T15:00Z,1.89
2019-04-05T16:00Z,2.5
2019-04-05T17:00Z,3.07
2019-04-05T18:00Z,0.31
2019-04-05T19:00Z,-0.59
2019-04-05T20:00Z,-3.35
2019-04-05T21:00Z,-1.87
2019-04-05T22:00Z,0.67
2019-04-05T23:00Z,-0.61
2019-04-06,0.61
2019-04-06T01:00Z,2.52
2019-04-06T02:00Z,1.19
2019-04-06T03:00Z,1.58
2019-04-06T04:00Z,0.79
2019-04-06T05:00Z,2.51
2019-04-06T06:00Z,0.81
2019-04-06T07:00Z,0.74
2019-04-06T08:00Z,1.05
2019-04-06T09:00Z,2.73
2019-04-06T10:00Z,0.77
2019-04-06T11:00Z,0.8
2019-04-06T12:00Z,0.76
2019-04-06T13:00Z,3.17
2019-04-06T14:00Z,1.25
2019-04-06T15:00Z,1.09
2019-04-06T16:00Z,0.37
2019-04-06T17:00Z,0.12
2019-04-06T18:00Z,0.99
2019-04-06T19:00Z,-0.12
2019-04-06T20:00Z,-1.66
2019-04-06T21:00Z,-0.86
2019-04-06T22:00Z,0.75
2019-04-06T23:00Z,-0.04
2019-04-07,0.47
2019-04-07T01:00Z,1.17
2019-04-07T02:00Z,3.1
2019-04-07T03:00Z,0.91
2019-04-07T04:00Z,1.27
2019-04-07T05:00Z,0.83
2019-04-07T06:00Z,2.37
2019-04-07T07:00Z,0.82
2019-04-07T08:00Z,1.14
2019-04-07T09:00Z,1.01
2019-04-07T10:00Z,2.36
2019-04-07T11:00Z,0.77
2019-04-07T12:00Z,0.76
2019-04-07T13:00Z,1.5
2019-04-07T14:00Z,2.56
2019-04-07T15:00Z,0.97
2019-04-07T16:00Z,0.6
2019-04-07T17:00Z,-2.17
2019-04-07T18:00Z,-5.13
2019-04-07T19:00Z,-3.47
2019-04-07T20:00Z,-4.26
2019-04-07T21:00Z,-2.04
2019-04-07T22:00Z,-0.92
2019-04-07T23:00Z,-1.69
2019-04-08,0.49
2019-04-08T01:00Z,1.51
2019-04-08T02:00Z,0.86
2019-04-08T03:00Z,0.92
2019-04-08T04:00Z,0.82
2019-04-08T05:00Z,1.05
2019-04-08T06:00Z,2.25
2019-04-08T07:00Z,1.23
2019-04-08T08:00Z,0.81
2019-04-08T09:00Z,0.82
2019-04-08T10:00Z,2.27
2019-04-08T11:00Z,0.76
2019-04-08T12:00Z,0.71
2019-04-08T13:00Z,1.39
2019-04-08T14:00Z,2.41
2019-04-08T15:00Z,-1.27
2019-04-08T16:00Z,-3.18
2019-04-08T17:00Z,-4.67
2019-04-08T18:00Z,-4.44
2019-04-08T19:00Z,-2.43
2019-04-08T20:00Z,-2.64
2019-04-08T21:00Z,-1.19
2019-04-08T22:00Z,0.1
2019-04-08T23:00Z,-0.07
2019-04-09,1.41
2019-04-09T01:00Z,0.49
2019-04-09T02:00Z,0.85
2019-04-09T03:00Z,1.19
2019-04-09T04:00Z,1.26
2019-04-09T05:00Z,1.07
2019-04-09T06:00Z,2.33
2019-04-09T07:00Z,0.76
2019-04-09T08:00Z,0.79
2019-04-09T09:00Z,0.77
2019-04-09T10:00Z,2.47
2019-04-09T11:00Z,1.22
2019-04-09T12:00Z,0.84
2019-04-09T13:00Z,2.58
2019-04-09T14:00Z,0.68
2019-04-09T15:00Z,-1.83
2019-04-09T16:00Z,-4.08
2019-04-09T17:00Z,-3.33
2019-04-09T18:00Z,-5.52
2019-04-09T19:00Z,-5.92
2019-04-09T20:00Z,-5.14
2019-04-09T21:00Z,-1.07
2019-04-09T22:00Z,0.06
2019-04-09T23:00Z,-0.71
2019-04-10,-0.68
2019-04-10T01:00Z,1.25
2019-04-10T02:00Z,1.02
2019-04-10T03:00Z,2.52
2019-04-10T04:00Z,1.11
2019-04-10T05:00Z,1.25
2019-04-10T06:00Z,0.87
2019-04-10T07:00Z,2.86
2019-04-10T08:00Z,0.76
2019-04-10T09:00Z,0.79
2019-04-10T10:00Z,0.72
2019-04-10T11:00Z,2.46
2019-04-10T12:00Z,0.93
2019-04-10T13:00Z,1.08
2019-04-10T14:00Z,0.92
2019-04-10T15:00Z,-1.06
2019-04-10T16:00Z,-3.99
2019-04-10T17:00Z,-5.29
2019-04-10T18:00Z,-6.06
2019-04-10T19:00Z,-6.12
2019-04-10T20:00Z,-3.68
2019-04-10T21:00Z,-1.81
2019-04-10T22:00Z,-0.44
2019-04-10T23:00Z,-2.68
2019-04-11,-1.21
2019-04-11T01:00Z,1.71
2019-04-11T02:00Z,1.18
2019-04-11T03:00Z,1.27
2019-04-11T04:00Z,2.28
2019-04-11T05:00Z,0.99
2019-04-11T06:00Z,0.78
2019-04-11T07:00Z,0.79
2019-04-11T08:00Z,1.08
2019-04-11T09:00Z,2.73
2019-04-11T10:00Z,0.73
2019-04-11T11:00Z,0.77
2019-04-11T12:00Z,0.69
2019-04-11T13:00Z,2.33
2019-04-11T14:00Z,0.44
2019-04-11T15:00Z,0.29
2019-04-11T16:00Z,-1.33
2019-04-11T17:00Z,-1.7
2019-04-11T18:00Z,0.47
2019-04-11T19:00Z,0.18
2019-04-11T20:00Z,-0.15
2019-04-11T21:00Z,-2.12
2019-04-11T22:00Z,-1.34
2019-04-11T23:00Z,-0.47
2019-04-12,-1.17
2019-04-12T01:00Z,0.48
2019-04-12T02:00Z,2.11
2019-04-12T03:00Z,0.95
2019-04-12T04:00Z,0.84
2019-04-12T05:00Z,1.13
2019-04-12T06:00Z,2.72
2019-04-12T07:00Z,0.76
2019-04-12T08:00Z,0.79
2019-04-12T09:00Z,0.76
2019-04-12T10:00Z,2.56
2019-04-12T11:00Z,0.72
2019-04-12T12:00Z,0.93
2019-04-12T13:00Z,1.71
2019-04-12T14:00Z,2.32
2019-04-12T15:00Z,-1.85
2019-04-12T16:00Z,-3.93
2019-04-12T17:00Z,-5.22
2019-04-12T18:00Z,-5.87
2019-04-12T19:00Z,-5.52
2019-04-12T20:00Z,-2.17
2019-04-12T21:00Z,-1.69
2019-04-12T22:00Z,-0.47
2019-04-12T23:00Z,-2.75
2019-04-13,-1.19
2019-04-13T01:00Z,0.49
2019-04-13T02:00Z,2.3
2019-04-13T03:00Z,1.66
2019-04-13T04:00Z,0.8
2019-04-13T05:00Z,0.84
2019-04-13T06:00Z,0.8
2019-04-13T07:00Z,2.49
2019-04-13T08:00Z,0.85
2019-04-13T09:00Z,0.98
2019-04-13T10:00Z,1.26
2019-04-13T11:00Z,0.78
2019-04-13T12:00Z,2.7
2019-04-13T13:00Z,0.78
2019-04-13T14:00Z,0.31
2019-04-13T15:00Z,-0.92
2019-04-13T16:00Z,-3.73
2019-04-13T17:00Z,-4.68
2019-04-13T18:00Z,-5.32
2019-04-13T19:00Z,-4.39
2019-04-13T20:00Z,-4.41
2019-04-13T21:00Z,-0.65
2019-04-13T22:00Z,-1.03
2019-04-13T23:00Z,-2.36
2019-04-14,-0.56
2019-04-14T01:00Z,0.56
2019-04-14T02:00Z,2.14
2019-04-14T03:00Z,1
2019-04-14T04:00Z,0.84
2019-04-14T05:00Z,0.81
2019-04-14T06:00Z,1.49
2019-04-14T07:00Z,2.49
2019-04-14T08:00Z,0.89
2019-04-14T09:00Z,0.8
2019-04-14T10:00Z,0.79
2019-04-14T11:00Z,2.74
2019-04-14T12:00Z,1.1
2019-04-14T13:00Z,0.71
2019-04-14T14:00Z,1.57
2019-04-14T15:00Z,-1.95
2019-04-14T16:00Z,-3.91
2019-04-14T17:00Z,-4.88
2019-04-14T18:00Z,-5.17
2019-04-14T19:00Z,-4.39
2019-04-14T20:00Z,-5.75
2019-04-14T21:00Z,-2.27
2019-04-14T22:00Z,-1.13
2019-04-14T23:00Z,-2.53
2019-04-15,-0.54
2019-04-15T01:00Z,1.41
2019-04-15T02:00Z,1.35
2019-04-15T03:00Z,0.99
2019-04-15T04:00Z,0.81
2019-04-15T05:00Z,2.59
2019-04-15T06:00Z,0.86
2019-04-15T07:00Z,1.02
2019-04-15T08:00Z,1.2
2019-04-15T09:00Z,2.57
2019-04-15T10:00Z,0.81
2019-04-15T11:00Z,0.84
2019-04-15T12:00Z,0.9
2019-04-15T13:00Z,3.23
2019-04-15T14:00Z,1.08
2019-04-15T15:00Z,-0.47
2019-04-15T16:00Z,-4.13
2019-04-15T17:00Z,-2.9
2019-04-15T18:00Z,-1.13
2019-04-15T19:00Z,-2.02
2019-04-15T20:00Z,-0.94
2019-04-15T21:00Z,0.38
2019-04-15T22:00Z,2.57
2019-04-15T23:00Z,0.23
2019-04-16,0.44
2019-04-16T01:00Z,2.07
2019-04-16T02:00Z,1.08
2019-04-16T03:00Z,1.25
2019-04-16T04:00Z,1.49
2019-04-16T05:00Z,2.84
2019-04-16T06:00Z,0.84
2019-04-16T07:00Z,0.85
2019-04-16T08:00Z,2.54
2019-04-16T09:00Z,0.9
2019-04-16T10:00Z,0.83
2019-04-16T11:00Z,0.83
2019-04-16T12:00Z,3.25
2019-04-16T13:00Z,3.13
2019-04-16T14:00Z,0.73
2019-04-16T15:00Z,-0.76
2019-04-16T16:00Z,-4.29
2019-04-16T17:00Z,-5.45
2019-04-16T18:00Z,-4.67
2019-04-16T19:00Z,-3.16
2019-04-16T20:00Z,0.1
2019-04-16T21:00Z,-1.7
2019-04-16T22:00Z,-1.1
2019-04-16T23:00Z,-1.47
2019-04-17,-0.69
2019-04-17T01:00Z,1.96
2019-04-17T02:00Z,1.45
2019-04-17T03:00Z,1.62
2019-04-17T04:00Z,1.41
2019-04-17T05:00Z,2.65
2019-04-17T06:00Z,1.08
2019-04-17T07:00Z,1.03
2019-04-17T08:00Z,1.12
2019-04-17T09:00Z,2.93
2019-04-17T10:00Z,1.42
2019-04-17T11:00Z,0.99
2019-04-17T12:00Z,1.02
2019-04-17T13:00Z,3.68
2019-04-17T14:00Z,1.37
2019-04-17T15:00Z,-1.51
2019-04-17T16:00Z,-2.68
2019-04-17T17:00Z,-3.29
2019-04-17T18:00Z,-3.71
2019-04-17T19:00Z,-5.11
2019-04-17T20:00Z,-5.03
2019-04-17T21:00Z,-1.15
2019-04-17T22:00Z,0.1
2019-04-17T23:00Z,-1.77
2019-04-18,3.17
2019-04-18T01:00Z,10.24
2019-04-18T02:00Z,2.62
2019-04-18T03:00Z,1.51
2019-04-18T04:00Z,1.41
2019-04-18T05:00Z,1.58
2019-04-18T06:00Z,3.05
2019-04-18T07:00Z,1.17
2019-04-18T08:00Z,0.94
2019-04-18T09:00Z,0.9
2019-04-18T10:00Z,2.51
2019-04-18T11:00Z,0.97
2019-04-18T12:00Z,1.5
2019-04-18T13:00Z,2.08
2019-04-18T14:00Z,2.73
2019-04-18T15:00Z,-1.87
2019-04-18T16:00Z,-3.51
2019-04-18T17:00Z,-4.63
2019-04-18T18:00Z,-5.32
2019-04-18T19:00Z,-4.34
2019-04-18T20:00Z,-4.4
2019-04-18T21:00Z,-1
2019-04-18T22:00Z,-0.68
2019-04-18T23:00Z,-1.63
2019-04-19,0.02
2019-04-19T01:00Z,1.51
2019-04-19T02:00Z,3.41
2019-04-19T03:00Z,1.19
2019-04-19T04:00Z,1.05
2019-04-19T05:00Z,0.91
2019-04-19T06:00Z,1.13
2019-04-19T07:00Z,2.96
2019-04-19T08:00Z,0.89
2019-04-19T09:00Z,0.95
2019-04-19T10:00Z,0.98
2019-04-19T11:00Z,2.74
2019-04-19T12:00Z,1.32
2019-04-19T13:00Z,2.12
2019-04-19T14:00Z,1.21
2019-04-19T15:00Z,2.37
2019-04-19T16:00Z,4.84
2019-04-19T17:00Z,4.67
2019-04-19T18:00Z,3.21
2019-04-19T19:00Z,2.66
2019-04-19T20:00Z,-1.65
2019-04-19T21:00Z,-1.82
2019-04-19T22:00Z,-0.63
2019-04-19T23:00Z,-2.48
2019-04-20,1.38
2019-04-20T01:00Z,4.26
2019-04-20T02:00Z,1.72
2019-04-20T03:00Z,1.88
2019-04-20T04:00Z,0.93
2019-04-20T05:00Z,1.15
2019-04-20T06:00Z,2.62
2019-04-20T07:00Z,1.13
2019-04-20T08:00Z,0.88
2019-04-20T09:00Z,2.51
2019-04-20T10:00Z,0.85
2019-04-20T11:00Z,0.82
2019-04-20T12:00Z,0.96
2019-04-20T13:00Z,3.33
2019-04-20T14:00Z,1.25
2019-04-20T15:00Z,-0.66
2019-04-20T16:00Z,-3.1
2019-04-20T17:00Z,-3.65
2019-04-20T18:00Z,-5.15
2019-04-20T19:00Z,-5.37
2019-04-20T20:00Z,-4.91
2019-04-20T21:00Z,-1.08
2019-04-20T22:00Z,1.15
2019-04-20T23:00Z,-0.22
2019-04-21,0.8
2019-04-21T01:00Z,3.18
2019-04-21T02:00Z,4.11
2019-04-21T03:00Z,2.32
2019-04-21T04:00Z,1.43
2019-04-21T05:00Z,1.43
2019-04-21T06:00Z,2.49
2019-04-21T07:00Z,1.2
2019-04-21T08:00Z,1.6
2019-04-21T09:00Z,1.3
2019-04-21T10:00Z,2.86
2019-04-21T11:00Z,1.11
2019-04-21T12:00Z,1.14
2019-04-21T13:00Z,4.96
2019-04-21T14:00Z,1.96
2019-04-21T15:00Z,-0.6
2019-04-21T16:00Z,-3.7
2019-04-21T17:00Z,-4.45
2019-04-21T18:00Z,-4.31
2019-04-21T19:00Z,-5.9
2019-04-21T20:00Z,-5.58
2019-04-21T21:00Z,-1.69
2019-04-21T22:00Z,-0.24
2019-04-21T23:00Z,-2.54
2019-04-22,1.03
2019-04-22T01:00Z,1.12
2019-04-22T02:00Z,1.44
2019-04-22T03:00Z,2.1
2019-04-22T04:00Z,2.34
2019-04-22T05:00Z,2.88
2019-04-22T06:00Z,0.92
2019-04-22T07:00Z,0.9
2019-04-22T08:00Z,0.86
2019-04-22T09:00Z,3.11
2019-04-22T10:00Z,0.85
2019-04-22T11:00Z,0.88
2019-04-22T12:00Z,0.82
2019-04-22T13:00Z,3.12
2019-04-22T14:00Z,0.95
2019-04-22T15:00Z,-2.23
2019-04-22T16:00Z,-4.06
2019-04-22T17:00Z,-5.13
2019-04-22T18:00Z,-4.31
2019-04-22T19:00Z,-5.68
2019-04-22T20:00Z,-4.37
2019-04-22T21:00Z,-0.74
2019-04-22T22:00Z,-0.35
2019-04-22T23:00Z,-2.71
2019-04-23,-0.47
2019-04-23T01:00Z,1.28
2019-04-23T02:00Z,2.5
2019-04-23T03:00Z,2.79
2019-04-23T04:00Z,1.3
2019-04-23T05:00Z,1.28
2019-04-23T06:00Z,0.92
2019-04-23T07:00Z,1.08
2019-04-23T08:00Z,2.92
2019-04-23T09:00Z,0.81
2019-04-23T10:00Z,0.81
2019-04-23T11:00Z,0.79
2019-04-23T12:00Z,2.37
2019-04-23T13:00Z,1.85
2019-04-23T14:00Z,8
2019-04-23T15:00Z,-1.59
2019-04-23T16:00Z,-3.85
2019-04-23T17:00Z,-3.21
2019-04-23T18:00Z,-4.39
2019-04-23T19:00Z,-3
2019-04-23T20:00Z,-2.41
2019-04-23T21:00Z,-0.29
2019-04-23T22:00Z,-0.48
2019-04-23T23:00Z,-1.74
2019-04-24,0.87
2019-04-24T01:00Z,2.37
2019-04-24T02:00Z,2.9
2019-04-24T03:00Z,7.19
2019-04-24T04:00Z,9.24
2019-04-24T05:00Z,8.85
2019-04-24T06:00Z,9.17
2019-04-24T07:00Z,8.63
2019-04-24T08:00Z,7.11
2019-04-24T09:00Z,2.78
2019-04-24T10:00Z,0.97
2019-04-24T11:00Z,1.66
2019-04-24T12:00Z,1.06
2019-04-24T13:00Z,2.77
2019-04-24T14:00Z,0.23
2019-04-24T15:00Z,-2.33
2019-04-24T16:00Z,-2.9
2019-04-24T17:00Z,-3.77
2019-04-24T18:00Z,-4.72
2019-04-24T19:00Z,-3.72
2019-04-24T20:00Z,-2.86
2019-04-24T21:00Z,-0.72
2019-04-24T22:00Z,1.24
2019-04-24T23:00Z,-0.8
2019-04-25,0.57
2019-04-25T01:00Z,1.36
2019-04-25T02:00Z,2.11
2019-04-25T03:00Z,1.51
2019-04-25T04:00Z,1.85
2019-04-25T05:00Z,1.46
2019-04-25T06:00Z,2.19
2019-04-25T07:00Z,0.88
2019-04-25T08:00Z,0.88
2019-04-25T09:00Z,1.45
2019-04-25T10:00Z,3.01
2019-04-25T11:00Z,1.41
2019-04-25T12:00Z,2.39
2019-04-25T13:00Z,2.6
2019-04-25T14:00Z,2.35
2019-04-25T15:00Z,-1.62
2019-04-25T16:00Z,-4.01
2019-04-25T17:00Z,-5.28
2019-04-25T18:00Z,-5.93
2019-04-25T19:00Z,-6.01
2019-04-25T20:00Z,-2.81
2019-04-25T21:00Z,-1.22
2019-04-25T22:00Z,0.51
2019-04-25T23:00Z,-2.39
2019-04-26,0.35
2019-04-26T01:00Z,2.25
2019-04-26T02:00Z,2.37
2019-04-26T03:00Z,1.72
2019-04-26T04:00Z,1.22
2019-04-26T05:00Z,2.61
2019-04-26T06:00Z,1.23
2019-04-26T07:00Z,1.26
2019-04-26T08:00Z,0.98
2019-04-26T09:00Z,2.35
2019-04-26T10:00Z,0.86
2019-04-26T11:00Z,1.34
2019-04-26T12:00Z,2.65
2019-04-26T13:00Z,1.09
2019-04-26T14:00Z,1.31
2019-04-26T15:00Z,1.69
2019-04-26T16:00Z,-1.65
2019-04-26T17:00Z,-4.3
2019-04-26T18:00Z,-5.3
2019-04-26T19:00Z,-5.48
2019-04-26T20:00Z,-4.74
2019-04-26T21:00Z,-1.08
2019-04-26T22:00Z,-1.12
2019-04-26T23:00Z,1.3
2019-04-27,8.73
2019-04-27T01:00Z,10.46
2019-04-27T02:00Z,10.6
2019-04-27T03:00Z,7.48
2019-04-27T04:00Z,2
2019-04-27T05:00Z,1.17
2019-04-27T06:00Z,1.27
2019-04-27T07:00Z,2.64
2019-04-27T08:00Z,1.16
2019-04-27T09:00Z,1.38
2019-04-27T10:00Z,0.96
2019-04-27T11:00Z,2.7
2019-04-27T12:00Z,0.96
2019-04-27T13:00Z,1.31
2019-04-27T14:00Z,2.02
2019-04-27T15:00Z,1.81
2019-04-27T16:00Z,0.14
2019-04-27T17:00Z,-1.73
2019-04-27T18:00Z,-1.99
2019-04-27T19:00Z,0.24
2019-04-27T20:00Z,-3.59
2019-04-27T21:00Z,-3.05
2019-04-27T22:00Z,-1.38
2019-04-27T23:00Z,1.54
2019-04-28,2.25
2019-04-28T01:00Z,2.22
2019-04-28T02:00Z,5.69
2019-04-28T03:00Z,1.74
2019-04-28T04:00Z,1.43
2019-04-28T05:00Z,1.09
2019-04-28T06:00Z,2.97
2019-04-28T07:00Z,0.89
2019-04-28T08:00Z,0.94
2019-04-28T09:00Z,0.91
2019-04-28T10:00Z,2.53
2019-04-28T11:00Z,0.96
2019-04-28T12:00Z,1.48
2019-04-28T13:00Z,3.3
2019-04-28T14:00Z,1.72
2019-04-28T15:00Z,1.04
2019-04-28T16:00Z,-0.25
2019-04-28T17:00Z,-0.75
2019-04-28T18:00Z,-4.7
2019-04-28T19:00Z,-5.12
2019-04-28T20:00Z,-4.5
2019-04-28T21:00Z,-1.14
2019-04-28T22:00Z,1.75
2019-04-28T23:00Z,0.81
2019-04-29,0.03
2019-04-29T01:00Z,1
2019-04-29T02:00Z,8.65
2019-04-29T03:00Z,10.37
2019-04-29T04:00Z,9.24
2019-04-29T05:00Z,8.91
2019-04-29T06:00Z,3.68
2019-04-29T07:00Z,2.77
2019-04-29T08:00Z,1.35
2019-04-29T09:00Z,0.99
2019-04-29T10:00Z,0.87
2019-04-29T11:00Z,2.6
2019-04-29T12:00Z,0.86
2019-04-29T13:00Z,1.61
2019-04-29T14:00Z,3.5
2019-04-29T15:00Z,0.59
2019-04-29T16:00Z,-1.75
2019-04-29T17:00Z,-2.21
2019-04-29T18:00Z,-3.31
2019-04-29T19:00Z,-3.23
2019-04-29T20:00Z,-4.72
2019-04-29T21:00Z,-1.95
2019-04-29T22:00Z,-0.4
2019-04-29T23:00Z,-2.75
2019-04-30,2.07
2019-04-30T01:00Z,1.97
2019-04-30T02:00Z,2.02
2019-04-30T03:00Z,1.57
2019-04-30T04:00Z,7.79
2019-04-30T05:00Z,5.84
2019-04-30T06:00Z,1.03
2019-04-30T07:00Z,0.95
2019-04-30T08:00Z,2.79
2019-04-30T09:00Z,0.92
2019-04-30T10:00Z,0.93
2019-04-30T11:00Z,0.93
2019-04-30T12:00Z,3.15
2019-04-30T13:00Z,2.44
2019-04-30T14:00Z,0.49
2019-04-30T15:00Z,-0.11
2019-04-30T16:00Z,-3.92
2019-04-30T17:00Z,-4.68
2019-04-30T18:00Z,-5.55
2019-04-30T19:00Z,-5.86
2019-04-30T20:00Z,-3.77
2019-04-30T21:00Z,-1.5
2019-04-30T22:00Z,-1.22
2019-04-30T23:00Z,-2.64
2019-05-01,0.18
2019-05-01T01:00Z,9.53
2019-05-01T02:00Z,10.42
2019-05-01T03:00Z,9.31
2019-05-01T04:00Z,9.15
2019-05-01T05:00Z,5.43
2019-05-01T06:00Z,1.48
2019-05-01T07:00Z,1.04
2019-05-01T08:00Z,0.98
2019-05-01T09:00Z,2.77
2019-05-01T10:00Z,0.97
2019-05-01T11:00Z,1.06
2019-05-01T12:00Z,1.46
2019-05-01T13:00Z,4.76
2019-05-01T14:00Z,1
2019-05-01T15:00Z,-2.29
2019-05-01T16:00Z,-4.13
2019-05-01T17:00Z,-4.68
2019-05-01T18:00Z,-4.33
2019-05-01T19:00Z,-6.17
2019-05-01T20:00Z,-5.73
2019-05-01T21:00Z,-2.66
2019-05-01T22:00Z,-1.85
2019-05-01T23:00Z,-2.13
2019-05-02,1.04
2019-05-02T01:00Z,1.27
2019-05-02T02:00Z,1.81
2019-05-02T03:00Z,7.18
2019-05-02T04:00Z,9.7
2019-05-02T05:00Z,10.02
2019-05-02T06:00Z,8.72
2019-05-02T07:00Z,7.74
2019-05-02T08:00Z,1.59
2019-05-02T09:00Z,3.31
2019-05-02T10:00Z,1.11
2019-05-02T11:00Z,1.17
2019-05-02T12:00Z,1.17
2019-05-02T13:00Z,4.64
2019-05-02T14:00Z,0.75
2019-05-02T15:00Z,-2.3
2019-05-02T16:00Z,-3.98
2019-05-02T17:00Z,-3.47
2019-05-02T18:00Z,-5.59
2019-05-02T19:00Z,-5.76
2019-05-02T20:00Z,-4.44
2019-05-02T21:00Z,-1.28
2019-05-02T22:00Z,0.35
2019-05-02T23:00Z,-0.52
2019-05-03,0.36
2019-05-03T01:00Z,1.18
2019-05-03T02:00Z,1.46
2019-05-03T03:00Z,2.1
2019-05-03T04:00Z,9.64
2019-05-03T05:00Z,9.93
2019-05-03T06:00Z,8.6
2019-05-03T07:00Z,8.6
2019-05-03T08:00Z,3.71
2019-05-03T09:00Z,2.6
2019-05-03T10:00Z,1.03
2019-05-03T11:00Z,1.01
2019-05-03T12:00Z,0.92
2019-05-03T13:00Z,2.53
2019-05-03T14:00Z,1.22
2019-05-03T15:00Z,-2.23
2019-05-03T16:00Z,-4.13
2019-05-03T17:00Z,-3.59
2019-05-03T18:00Z,-5.82
2019-05-03T19:00Z,-5.49
2019-05-03T20:00Z,-4.37
2019-05-03T21:00Z,-1.42
2019-05-03T22:00Z,-1.7
2019-05-03T23:00Z,-2.5
2019-05-04,0.78
2019-05-04T01:00Z,1.31
2019-05-04T02:00Z,2.01
2019-05-04T03:00Z,1.55
2019-05-04T04:00Z,1.16
2019-05-04T05:00Z,2.89
2019-05-04T06:00Z,0.97
2019-05-04T07:00Z,1.4
2019-05-04T08:00Z,1.02
2019-05-04T09:00Z,2.53
2019-05-04T10:00Z,0.91
2019-05-04T11:00Z,0.93
2019-05-04T12:00Z,2.85
2019-05-04T13:00Z,1.52
2019-05-04T14:00Z,0.44
2019-05-04T15:00Z,0.26
2019-05-04T16:00Z,-3.4
2019-05-04T17:00Z,-5.27
2019-05-04T18:00Z,-5.61
2019-05-04T19:00Z,-5.71
2019-05-04T20:00Z,-4.26
2019-05-04T21:00Z,-2.9
2019-05-04T22:00Z,-2.14
2019-05-04T23:00Z,-3.12
2019-05-05,0.51
2019-05-05T01:00Z,3.53
2019-05-05T02:00Z,3.39
2019-05-05T03:00Z,2.41
2019-05-05T04:00Z,1.67
2019-05-05T05:00Z,3.11
2019-05-05T06:00Z,1.07
2019-05-05T07:00Z,1.56
2019-05-05T08:00Z,1.09
2019-05-05T09:00Z,2.97
2019-05-05T10:00Z,1.1
2019-05-05T11:00Z,1
2019-05-05T12:00Z,1.09
2019-05-05T13:00Z,2.73
2019-05-05T14:00Z,3.22
2019-05-05T15:00Z,1.3
2019-05-05T16:00Z,-1.09
2019-05-05T17:00Z,1.39
2019-05-05T18:00Z,4.53
2019-05-05T19:00Z,3.15
2019-05-05T20:00Z,2.1
2019-05-05T21:00Z,-1.44
2019-05-05T22:00Z,-0.74
2019-05-05T23:00Z,-0.18
2019-05-06,-0.51
2019-05-06T01:00Z,0.38
2019-05-06T02:00Z,3.66
2019-05-06T03:00Z,1.98
2019-05-06T04:00Z,2.42
2019-05-06T05:00Z,1.29
2019-05-06T06:00Z,2.61
2019-05-06T07:00Z,0.98
2019-05-06T08:00Z,0.96
2019-05-06T09:00Z,0.99
2019-05-06T10:00Z,2.93
2019-05-06T11:00Z,1.32
2019-05-06T12:00Z,0.97
2019-05-06T13:00Z,1.28
2019-05-06T14:00Z,3.35
2019-05-06T15:00Z,0.86
2019-05-06T16:00Z,0.02
2019-05-06T17:00Z,-0.21
2019-05-06T18:00Z,-0.27
2019-05-06T19:00Z,0.2
2019-05-06T20:00Z,-2.39
2019-05-06T21:00Z,-2.11
2019-05-06T22:00Z,-1
2019-05-06T23:00Z,1.31
2019-05-07,0.97
2019-05-07T01:00Z,1.43
2019-05-07T02:00Z,2.1
2019-05-07T03:00Z,2.68
2019-05-07T04:00Z,1.21
2019-05-07T05:00Z,1.12
2019-05-07T06:00Z,1.07
2019-05-07T07:00Z,3.28
2019-05-07T08:00Z,0.98
2019-05-07T09:00Z,0.96
2019-05-07T10:00Z,0.95
2019-05-07T11:00Z,2.52
2019-05-07T12:00Z,0.95
2019-05-07T13:00Z,2.46
2019-05-07T14:00Z,1.49
2019-05-07T15:00Z,1.1
2019-05-07T16:00Z,-0.87
2019-05-07T17:00Z,-1.42
2019-05-07T18:00Z,-2.2
2019-05-07T19:00Z,-2.6
2019-05-07T20:00Z,-4.5
2019-05-07T21:00Z,-2.24
2019-05-07T22:00Z,-2.02
2019-05-07T23:00Z,-3.07
2019-05-08,1.03
2019-05-08T01:00Z,1.34
2019-05-08T02:00Z,1.63
2019-05-08T03:00Z,2.33
2019-05-08T04:00Z,2.15
2019-05-08T05:00Z,2.31
2019-05-08T06:00Z,0.93
2019-05-08T07:00Z,0.93
2019-05-08T08:00Z,1.12
2019-05-08T09:00Z,2.75
2019-05-08T10:00Z,1.15
2019-05-08T11:00Z,0.92
2019-05-08T12:00Z,0.93
2019-05-08T13:00Z,3.04
2019-05-08T14:00Z,1.48
2019-05-08T15:00Z,1.27
2019-05-08T16:00Z,0.64
2019-05-08T17:00Z,1.52
2019-05-08T18:00Z,-2.22
2019-05-08T19:00Z,-3.63
2019-05-08T20:00Z,-4.87
2019-05-08T21:00Z,-2.62
2019-05-08T22:00Z,-0.1
2019-05-08T23:00Z,-2.83
2019-05-09,0.06
2019-05-09T01:00Z,0.92
2019-05-09T02:00Z,2.75
2019-05-09T03:00Z,1.77
2019-05-09T04:00Z,1.54
2019-05-09T05:00Z,0.88
2019-05-09T06:00Z,1.54
2019-05-09T07:00Z,2.66
2019-05-09T08:00Z,0.87
2019-05-09T09:00Z,0.92
2019-05-09T10:00Z,0.85
2019-05-09T11:00Z,2.5
2019-05-09T12:00Z,1.21
2019-05-09T13:00Z,1.59
2019-05-09T14:00Z,1.69
2019-05-09T15:00Z,1.72
2019-05-09T16:00Z,-0.24
2019-05-09T17:00Z,-0.67
2019-05-09T18:00Z,-0.63
2019-05-09T19:00Z,0.38
2019-05-09T20:00Z,-1.71
2019-05-09T21:00Z,-2.44
2019-05-09T22:00Z,0.11
2019-05-09T23:00Z,0.04
2019-05-10,1.62
2019-05-10T01:00Z,1
2019-05-10T02:00Z,2.05
2019-05-10T03:00Z,1.4
2019-05-10T04:00Z,1.42
2019-05-10T05:00Z,2.52
2019-05-10T06:00Z,0.92
2019-05-10T07:00Z,0.94
2019-05-10T08:00Z,1.31
2019-05-10T09:00Z,2.78
2019-05-10T10:00Z,0.88
2019-05-10T11:00Z,0.84
2019-05-10T12:00Z,0.89
2019-05-10T13:00Z,2.9
2019-05-10T14:00Z,1.57
2019-05-10T15:00Z,-0.41
2019-05-10T16:00Z,-3.63
2019-05-10T17:00Z,-3.09
2019-05-10T18:00Z,-5.35
2019-05-10T19:00Z,-5.52
2019-05-10T20:00Z,-4.86
2019-05-10T21:00Z,-1.94
2019-05-10T22:00Z,-1.76
2019-05-10T23:00Z,-2.9
2019-05-11,1.36
2019-05-11T01:00Z,1.69
2019-05-11T02:00Z,1.57
2019-05-11T03:00Z,2.28
2019-05-11T04:00Z,1.84
2019-05-11T05:00Z,2.73
2019-05-11T06:00Z,0.99
2019-05-11T07:00Z,0.9
2019-05-11T08:00Z,1.19
2019-05-11T09:00Z,2.82
2019-05-11T10:00Z,0.89
2019-05-11T11:00Z,0.89
2019-05-11T12:00Z,0.9
2019-05-11T13:00Z,2.82
2019-05-11T14:00Z,1.68
2019-05-11T15:00Z,0.35
2019-05-11T16:00Z,-4.07
2019-05-11T17:00Z,-4.75
2019-05-11T18:00Z,-3.57
2019-05-11T19:00Z,-5.21
2019-05-11T20:00Z,-4.16
2019-05-11T21:00Z,-2.16
2019-05-11T22:00Z,-1.76
2019-05-11T23:00Z,-1.4
2019-05-12,3.5
2019-05-12T01:00Z,2.62
2019-05-12T02:00Z,2.46
2019-05-12T03:00Z,2.02
2019-05-12T04:00Z,2.06
2019-05-12T05:00Z,2.96
2019-05-12T06:00Z,1.33
2019-05-12T07:00Z,1.63
2019-05-12T08:00Z,1.17
2019-05-12T09:00Z,2.9
2019-05-12T10:00Z,1.14
2019-05-12T11:00Z,1.2
2019-05-12T12:00Z,1.54
2019-05-12T13:00Z,2.92
2019-05-12T14:00Z,0.85
2019-05-12T15:00Z,0.48
2019-05-12T16:00Z,-1.91
2019-05-12T17:00Z,-4.77
2019-05-12T18:00Z,-4.11
2019-05-12T19:00Z,-6.04
2019-05-12T20:00Z,-5.57
2019-05-12T21:00Z,-3.12
2019-05-12T22:00Z,-2.48
2019-05-12T23:00Z,-1.82
2019-05-13,0.67
2019-05-13T01:00Z,2.25
2019-05-13T02:00Z,2.73
2019-05-13T03:00Z,2.44
2019-05-13T04:00Z,1.4
2019-05-13T05:00Z,1.73
2019-05-13T06:00Z,2.32
2019-05-13T07:00Z,0.89
2019-05-13T08:00Z,0.88
2019-05-13T09:00Z,2.81
2019-05-13T10:00Z,1.08
2019-05-13T11:00Z,0.87
2019-05-13T12:00Z,0.84
2019-05-13T13:00Z,2.77
2019-05-13T14:00Z,0.16
2019-05-13T15:00Z,-2.07
2019-05-13T16:00Z,-3.92
2019-05-13T17:00Z,-4.88
2019-05-13T18:00Z,-3.44
2019-05-13T19:00Z,-4.83
2019-05-13T20:00Z,-3.63
2019-05-13T21:00Z,-2.01
2019-05-13T22:00Z,-2.28
2019-05-13T23:00Z,-2.21
2019-05-14,1.35
2019-05-14T01:00Z,1.12
2019-05-14T02:00Z,1.84
2019-05-14T03:00Z,1.49
2019-05-14T04:00Z,1.37
2019-05-14T05:00Z,2.73
2019-05-14T06:00Z,1
2019-05-14T07:00Z,1.37
2019-05-14T08:00Z,1.06
2019-05-14T09:00Z,2.35
2019-05-14T10:00Z,0.87
2019-05-14T11:00Z,0.82
2019-05-14T12:00Z,1.39
2019-05-14T13:00Z,3.37
2019-05-14T14:00Z,1.58
2019-05-14T15:00Z,1.06
2019-05-14T16:00Z,-0.37
2019-05-14T17:00Z,-0.04
2019-05-14T18:00Z,-1.39
2019-05-14T19:00Z,-1.57
2019-05-14T20:00Z,-0.73
2019-05-14T21:00Z,-0.12
2019-05-14T22:00Z,1.39
2019-05-14T23:00Z,1.14
2019-05-15,0.76
2019-05-15T01:00Z,1.4
2019-05-15T02:00Z,2.94
2019-05-15T03:00Z,1.6
2019-05-15T04:00Z,1.73
2019-05-15T05:00Z,1.37
2019-05-15T06:00Z,1.17
2019-05-15T07:00Z,2.56
2019-05-15T08:00Z,1.01
2019-05-15T09:00Z,1.28
2019-05-15T10:00Z,1.26
2019-05-15T11:00Z,2.68
2019-05-15T12:00Z,0.96
2019-05-15T13:00Z,1.39
2019-05-15T14:00Z,2.15
2019-05-15T15:00Z,1.99
2019-05-15T16:00Z,1.17
2019-05-15T17:00Z,0.87
2019-05-15T18:00Z,1.12
2019-05-15T19:00Z,2.77
2019-05-15T20:00Z,0.78
2019-05-15T21:00Z,0.84
2019-05-15T22:00Z,1.71
2019-05-15T23:00Z,3.17
2019-05-16,1.62
2019-05-16T01:00Z,1.35
2019-05-16T02:00Z,2.47
2019-05-16T03:00Z,1.34
2019-05-16T04:00Z,1.27
2019-05-16T05:00Z,0.91
2019-05-16T06:00Z,3.07
2019-05-16T07:00Z,1.08
2019-05-16T08:00Z,0.88
2019-05-16T09:00Z,0.93
2019-05-16T10:00Z,2.65
2019-05-16T11:00Z,0.85
2019-05-16T12:00Z,0.92
2019-05-16T13:00Z,2.09
2019-05-16T14:00Z,2.43
2019-05-16T15:00Z,0.18
2019-05-16T16:00Z,-0.74
2019-05-16T17:00Z,0.07
2019-05-16T18:00Z,1.53
2019-05-16T19:00Z,-1.11
2019-05-16T20:00Z,-0.02
2019-05-16T21:00Z,3.82
2019-05-16T22:00Z,3.63
2019-05-16T23:00Z,2.5
2019-05-17,0.25
2019-05-17T01:00Z,1.01
2019-05-17T02:00Z,2.98
2019-05-17T03:00Z,2.58
2019-05-17T04:00Z,1.58
2019-05-17T05:00Z,0.95
2019-05-17T06:00Z,2.73
2019-05-17T07:00Z,0.89
2019-05-17T08:00Z,1.26
2019-05-17T09:00Z,1.24
2019-05-17T10:00Z,2.56
2019-05-17T11:00Z,0.89
2019-05-17T12:00Z,0.93
2019-05-17T13:00Z,3.79
2019-05-17T14:00Z,0.49
2019-05-17T15:00Z,-0.91
2019-05-17T16:00Z,-1.16
2019-05-17T17:00Z,-2
2019-05-17T18:00Z,-1.28
2019-05-17T19:00Z,-2.78
2019-05-17T20:00Z,-2.16
2019-05-17T21:00Z,-2.84
2019-05-17T22:00Z,-2.72
2019-05-17T23:00Z,-0.69
2019-05-18,0.36
2019-05-18T01:00Z,1.07
2019-05-18T02:00Z,3.04
2019-05-18T03:00Z,2.61
2019-05-18T04:00Z,1.11
2019-05-18T05:00Z,1.38
2019-05-18T06:00Z,1.27
2019-05-18T07:00Z,2.62
2019-05-18T08:00Z,0.93
2019-05-18T09:00Z,0.9
2019-05-18T10:00Z,0.89
2019-05-18T11:00Z,3.3
2019-05-18T12:00Z,0.94
2019-05-18T13:00Z,1.78
2019-05-18T14:00Z,3.02
2019-05-18T15:00Z,1.87
2019-05-18T16:00Z,1.02
2019-05-18T17:00Z,0.77
2019-05-18T18:00Z,1.25
2019-05-18T19:00Z,4.91
2019-05-18T20:00Z,1.48
2019-05-18T21:00Z,0.82
2019-05-18T22:00Z,1.16
2019-05-18T23:00Z,6.04
2019-05-19,4.18
2019-05-19T01:00Z,4.21
2019-05-19T02:00Z,3.3
2019-05-19T03:00Z,1.56
2019-05-19T04:00Z,2.02
2019-05-19T05:00Z,1.21
2019-05-19T06:00Z,2.97
2019-05-19T07:00Z,1.51
2019-05-19T08:00Z,1.15
2019-05-19T09:00Z,1.03
2019-05-19T10:00Z,2.73
2019-05-19T11:00Z,1.07
2019-05-19T12:00Z,1.07
2019-05-19T13:00Z,3.27
2019-05-19T14:00Z,5.05
2019-05-19T15:00Z,2.68
2019-05-19T16:00Z,0.22
2019-05-19T17:00Z,-3.69
2019-05-19T18:00Z,-3.44
2019-05-19T19:00Z,2.81
2019-05-19T20:00Z,5.29
2019-05-19T21:00Z,5.76
2019-05-19T22:00Z,4.83
2019-05-19T23:00Z,8.49
2019-05-20,4.17
2019-05-20T01:00Z,3.19
2019-05-20T02:00Z,1.91
2019-05-20T03:00Z,3.73
2019-05-20T04:00Z,1.99
2019-05-20T05:00Z,0.93
2019-05-20T06:00Z,0.89
2019-05-20T07:00Z,2.89
2019-05-20T08:00Z,0.91
2019-05-20T09:00Z,0.9
2019-05-20T10:00Z,1.41
2019-05-20T11:00Z,2.74
2019-05-20T12:00Z,0.98
2019-05-20T13:00Z,2.07
2019-05-20T14:00Z,0.21
2019-05-20T15:00Z,-1.55
2019-05-20T16:00Z,-2.69
2019-05-20T17:00Z,-1.02
2019-05-20T18:00Z,-2.4
2019-05-20T19:00Z,-0.68
2019-05-20T20:00Z,-2.83
2019-05-20T21:00Z,-2.5
2019-05-20T22:00Z,-1.86
2019-05-20T23:00Z,-0.98
2019-05-21,2.55
2019-05-21T01:00Z,8.67
2019-05-21T02:00Z,4.41
2019-05-21T03:00Z,1.9
2019-05-21T04:00Z,1.42
2019-05-21T05:00Z,1.99
2019-05-21T06:00Z,1.31
2019-05-21T07:00Z,1.3
2019-05-21T08:00Z,2.77
2019-05-21T09:00Z,1
2019-05-21T10:00Z,1.03
2019-05-21T11:00Z,0.95
2019-05-21T12:00Z,2.85
2019-05-21T13:00Z,1.47
2019-05-21T14:00Z,1.19
2019-05-21T15:00Z,-0.13
2019-05-21T16:00Z,-1.89
2019-05-21T17:00Z,-2.93
2019-05-21T18:00Z,-4.28
2019-05-21T19:00Z,-4.06
2019-05-21T20:00Z,-1.64
2019-05-21T21:00Z,-0.89
2019-05-21T22:00Z,1.07
2019-05-21T23:00Z,-0.28
2019-05-22,1.29
2019-05-22T01:00Z,1.9
2019-05-22T02:00Z,1.67
2019-05-22T03:00Z,1.39
2019-05-22T04:00Z,1.52
2019-05-22T05:00Z,2.85
2019-05-22T06:00Z,1.03
2019-05-22T07:00Z,1.05
2019-05-22T08:00Z,1.09
2019-05-22T09:00Z,2.91
2019-05-22T10:00Z,1.51
2019-05-22T11:00Z,0.99
2019-05-22T12:00Z,1.02
2019-05-22T13:00Z,3.31
2019-05-22T14:00Z,0.09
2019-05-22T15:00Z,-2.41
2019-05-22T16:00Z,-3.92
2019-05-22T17:00Z,-4.39
2019-05-22T18:00Z,-5.47
2019-05-22T19:00Z,-4.35
2019-05-22T20:00Z,-5.56
2019-05-22T21:00Z,-3.82
2019-05-22T22:00Z,-3.21
2019-05-22T23:00Z,-2.22
2019-05-23,0.28
2019-05-23T01:00Z,1.62
2019-05-23T02:00Z,1.25
2019-05-23T03:00Z,1.3
2019-05-23T04:00Z,1.01
2019-05-23T05:00Z,1.15
2019-05-23T06:00Z,1.47
2019-05-23T07:00Z,2.47
2019-05-23T08:00Z,0.9
2019-05-23T09:00Z,0.95
2019-05-23T10:00Z,0.9
2019-05-23T11:00Z,3.12
2019-05-23T12:00Z,1.05
2019-05-23T13:00Z,1.13
2019-05-23T14:00Z,1.22
2019-05-23T15:00Z,0.22
2019-05-23T16:00Z,-2.8
2019-05-23T17:00Z,-4.64
2019-05-23T18:00Z,-5.53
2019-05-23T19:00Z,-5.08
2019-05-23T20:00Z,-2.49
2019-05-23T21:00Z,-2.65
2019-05-23T22:00Z,-1.78
2019-05-23T23:00Z,-2.47
2019-05-24,0.15
2019-05-24T01:00Z,2.19
2019-05-24T02:00Z,1.69
2019-05-24T03:00Z,1.88
2019-05-24T04:00Z,1.38
2019-05-24T05:00Z,3.06
2019-05-24T06:00Z,0.9
2019-05-24T07:00Z,0.92
2019-05-24T08:00Z,0.93
2019-05-24T09:00Z,2.84
2019-05-24T10:00Z,1.15
2019-05-24T11:00Z,0.89
2019-05-24T12:00Z,0.9
2019-05-24T13:00Z,2.83
2019-05-24T14:00Z,1.27
2019-05-24T15:00Z,0.62
2019-05-24T16:00Z,-0.83
2019-05-24T17:00Z,-2.2
2019-05-24T18:00Z,-2.18
2019-05-24T19:00Z,-3.32
2019-05-24T20:00Z,-3.58
2019-05-24T21:00Z,-3.16
2019-05-24T22:00Z,-3.14
2019-05-24T23:00Z,-1.68
2019-05-25,1.09
2019-05-25T01:00Z,9.11
2019-05-25T02:00Z,9.89
2019-05-25T03:00Z,10.91
2019-05-25T04:00Z,5.8
2019-05-25T05:00Z,0.98
2019-05-25T06:00Z,1.04
2019-05-25T07:00Z,2.4
2019-05-25T08:00Z,0.99
2019-05-25T09:00Z,1.29
2019-05-25T10:00Z,1.03
2019-05-25T11:00Z,2.75
2019-05-25T12:00Z,0.87
2019-05-25T13:00Z,0.92
2019-05-25T14:00Z,2.05
2019-05-25T15:00Z,0.38
2019-05-25T16:00Z,-1.56
2019-05-25T17:00Z,-1.39
2019-05-25T18:00Z,-0.93
2019-05-25T19:00Z,-0.53
2019-05-25T20:00Z,-4.82
2019-05-25T21:00Z,-3.71
2019-05-25T22:00Z,-3.05
2019-05-25T23:00Z,-2.46
2019-05-26,2.45
2019-05-26T01:00Z,1.66
2019-05-26T02:00Z,1.6
2019-05-26T03:00Z,2.15
2019-05-26T04:00Z,1.9
2019-05-26T05:00Z,2.55
2019-05-26T06:00Z,0.91
2019-05-26T07:00Z,1.51
2019-05-26T08:00Z,0.91
2019-05-26T09:00Z,2.58
2019-05-26T10:00Z,0.86
2019-05-26T11:00Z,0.86
2019-05-26T12:00Z,0.9
2019-05-26T13:00Z,2.92
2019-05-26T14:00Z,0.91
2019-05-26T15:00Z,-0.26
2019-05-26T16:00Z,-0.31
2019-05-26T17:00Z,-1.48
2019-05-26T18:00Z,-0.15
2019-05-26T19:00Z,-1.66
2019-05-26T20:00Z,-1.37
2019-05-26T21:00Z,-0.51
2019-05-26T22:00Z,1.06
2019-05-26T23:00Z,-1.3
2019-05-27,-0.96
2019-05-27T01:00Z,4.66
2019-05-27T02:00Z,10.94
2019-05-27T03:00Z,9.23
2019-05-27T04:00Z,2.26
2019-05-27T05:00Z,1.23
2019-05-27T06:00Z,2.67
2019-05-27T07:00Z,0.9
2019-05-27T08:00Z,0.95
2019-05-27T09:00Z,0.93
2019-05-27T10:00Z,2.72
2019-05-27T11:00Z,1.31
2019-05-27T12:00Z,1.54
2019-05-27T13:00Z,1.82
2019-05-27T14:00Z,1.52
2019-05-27T15:00Z,-1.64
2019-05-27T16:00Z,-3.77
2019-05-27T17:00Z,-2.84
2019-05-27T18:00Z,-4.16
2019-05-27T19:00Z,-5.96
2019-05-27T20:00Z,-1.82
2019-05-27T21:00Z,-3.54
2019-05-27T22:00Z,-3.28
2019-05-27T23:00Z,-2.75
2019-05-28,0.62
2019-05-28T01:00Z,2.72
2019-05-28T02:00Z,1.14
2019-05-28T03:00Z,1.83
2019-05-28T04:00Z,1.03
2019-05-28T05:00Z,1.31
2019-05-28T06:00Z,2.54
2019-05-28T07:00Z,1.4
2019-05-28T08:00Z,1.16
2019-05-28T09:00Z,0.93
2019-05-28T10:00Z,2.61
2019-05-28T11:00Z,0.92
2019-05-28T12:00Z,0.92
2019-05-28T13:00Z,0.85
2019-05-28T14:00Z,2.03
2019-05-28T15:00Z,-2.12
2019-05-28T16:00Z,-4.03
2019-05-28T17:00Z,-5.31
2019-05-28T18:00Z,-5.22
2019-05-28T19:00Z,-5.26
2019-05-28T20:00Z,-3.42
2019-05-28T21:00Z,-2.53
2019-05-28T22:00Z,-2.7
2019-05-28T23:00Z,-2.63
2019-05-29,1.19
2019-05-29T01:00Z,2.96
2019-05-29T02:00Z,1.74
2019-05-29T03:00Z,2.66
2019-05-29T04:00Z,1.6
2019-05-29T05:00Z,1.26
2019-05-29T06:00Z,2.61
2019-05-29T07:00Z,1.06
2019-05-29T08:00Z,1.69
2019-05-29T09:00Z,1.09
2019-05-29T10:00Z,2.83
2019-05-29T11:00Z,1.04
2019-05-29T12:00Z,1.1
2019-05-29T13:00Z,2.34
2019-05-29T14:00Z,9.85
2019-05-29T15:00Z,-1.5
2019-05-29T16:00Z,-3.87
2019-05-29T17:00Z,-4.87
2019-05-29T18:00Z,-5.19
2019-05-29T19:00Z,-5.31
2019-05-29T20:00Z,-3.83
2019-05-29T21:00Z,-3.03
2019-05-29T22:00Z,-2.1
2019-05-29T23:00Z,-2.12
2019-05-30,-0.29
2019-05-30T01:00Z,1.45
2019-05-30T02:00Z,2.36
2019-05-30T03:00Z,9.27
2019-05-30T04:00Z,8.6
2019-05-30T05:00Z,8.77
2019-05-30T06:00Z,8.93
2019-05-30T07:00Z,10.29
2019-05-30T08:00Z,4.59
2019-05-30T09:00Z,0.97
2019-05-30T10:00Z,1.17
2019-05-30T11:00Z,3.02
2019-05-30T12:00Z,0.98
2019-05-30T13:00Z,1.68
2019-05-30T14:00Z,1.8
2019-05-30T15:00Z,1.26
2019-05-30T16:00Z,-0.65
2019-05-30T17:00Z,-4.21
2019-05-30T18:00Z,-5.93
2019-05-30T19:00Z,-4.48
2019-05-30T20:00Z,-5.35
2019-05-30T21:00Z,-2.99
2019-05-30T22:00Z,-3.09
2019-05-30T23:00Z,-2.86
2019-05-31,1.41
2019-05-31T01:00Z,1.62
2019-05-31T02:00Z,2.4
2019-05-31T03:00Z,1.68
2019-05-31T04:00Z,1.34
2019-05-31T05:00Z,2.88
2019-05-31T06:00Z,1.21
2019-05-31T07:00Z,1.33
2019-05-31T08:00Z,1.05
2019-05-31T09:00Z,2.69
2019-05-31T10:00Z,0.85
2019-05-31T11:00Z,0.89
2019-05-31T12:00Z,1.18
2019-05-31T13:00Z,3.23
2019-05-31T14:00Z,0.42
2019-05-31T15:00Z,-1.29
2019-05-31T16:00Z,-4.37
2019-05-31T17:00Z,-5.42
2019-05-31T18:00Z,-4.82
2019-05-31T19:00Z,-5.72
2019-05-31T20:00Z,-6.08
2019-05-31T21:00Z,-4.33
2019-05-31T22:00Z,-3.68
2019-05-31T23:00Z,-3.48
2019-06-01,1.74
2019-06-01T01:00Z,3.59
2019-06-01T02:00Z,3.61
2019-06-01T03:00Z,1.58
2019-06-01T04:00Z,1.45
2019-06-01T05:00Z,1.3
2019-06-01T06:00Z,2.9
2019-06-01T07:00Z,1.31
2019-06-01T08:00Z,1.02
2019-06-01T09:00Z,1.03
2019-06-01T10:00Z,2.57
2019-06-01T11:00Z,1.07
2019-06-01T12:00Z,1.48
2019-06-01T13:00Z,1.34
2019-06-01T14:00Z,2.53
2019-06-01T15:00Z,-0.4
2019-06-01T16:00Z,-3.89
2019-06-01T17:00Z,-5.11
2019-06-01T18:00Z,-5.52
2019-06-01T19:00Z,-4.72
2019-06-01T20:00Z,-5.75
2019-06-01T21:00Z,-3.92
2019-06-01T22:00Z,-3.51
2019-06-01T23:00Z,-3.38
2019-06-02,1.75
2019-06-02T01:00Z,2
2019-06-02T02:00Z,2.02
2019-06-02T03:00Z,2.11
2019-06-02T04:00Z,1.43
2019-06-02T05:00Z,3.09
2019-06-02T06:00Z,1.76
2019-06-02T07:00Z,1.25
2019-06-02T08:00Z,1.22
2019-06-02T09:00Z,2.92
2019-06-02T10:00Z,1.19
2019-06-02T11:00Z,1.21
2019-06-02T12:00Z,1.48
2019-06-02T13:00Z,2.37
2019-06-02T14:00Z,1.05
2019-06-02T15:00Z,-1.03
2019-06-02T16:00Z,-1.94
2019-06-02T17:00Z,-3.33
2019-06-02T18:00Z,-3.12
2019-06-02T19:00Z,-5.95
2019-06-02T20:00Z,-6.29
2019-06-02T21:00Z,-4.51
2019-06-02T22:00Z,-3.65
2019-06-02T23:00Z,-3.63
2019-06-03,1.8
2019-06-03T01:00Z,1.84
2019-06-03T02:00Z,2.1
2019-06-03T03:00Z,1.44
2019-06-03T04:00Z,2.58
2019-06-03T05:00Z,1.07
2019-06-03T06:00Z,1.09
2019-06-03T07:00Z,1.08
2019-06-03T08:00Z,3.35
2019-06-03T09:00Z,1.2
2019-06-03T10:00Z,1.12
2019-06-03T11:00Z,1.03
2019-06-03T12:00Z,1.04
2019-06-03T13:00Z,3.48
2019-06-03T14:00Z,1.28
2019-06-03T15:00Z,0.13
2019-06-03T16:00Z,-4.08
2019-06-03T17:00Z,-4.19
2019-06-03T18:00Z,-6.35
2019-06-03T19:00Z,-6.15
2019-06-03T20:00Z,-5.26
2019-06-03T21:00Z,-3.14
2019-06-03T22:00Z,-2.32
2019-06-03T23:00Z,-2.71
2019-06-04,5.64
2019-06-04T01:00Z,9.07
2019-06-04T02:00Z,9.59
2019-06-04T03:00Z,5.9
2019-06-04T04:00Z,1.74
2019-06-04T05:00Z,1.77
2019-06-04T06:00Z,2.56
2019-06-04T07:00Z,1.03
2019-06-04T08:00Z,0.98
2019-06-04T09:00Z,1.23
2019-06-04T10:00Z,3.03
2019-06-04T11:00Z,0.94
2019-06-04T12:00Z,0.89
2019-06-04T13:00Z,1.09
2019-06-04T14:00Z,1.3
2019-06-04T15:00Z,-1.94
2019-06-04T16:00Z,-4.17
2019-06-04T17:00Z,-5.2
2019-06-04T18:00Z,-5.79
2019-06-04T19:00Z,-5.53
2019-06-04T20:00Z,-5.39
2019-06-04T21:00Z,-2.9
2019-06-04T22:00Z,-2.4
2019-06-04T23:00Z,-2.14
2019-06-05,1.25
2019-06-05T01:00Z,1.05
2019-06-05T02:00Z,0.95
2019-06-05T03:00Z,1.78
2019-06-05T04:00Z,1.29
2019-06-05T05:00Z,0.95
2019-06-05T06:00Z,1.07
2019-06-05T07:00Z,2.53
2019-06-05T08:00Z,1.67
2019-06-05T09:00Z,1.01
2019-06-05T10:00Z,1.03
2019-06-05T11:00Z,2.71
2019-06-05T12:00Z,1
2019-06-05T13:00Z,2.15
2019-06-05T14:00Z,-0.07
2019-06-05T15:00Z,-1.58
2019-06-05T16:00Z,-4.42
2019-06-05T17:00Z,-4.85
2019-06-05T18:00Z,-4.07
2019-06-05T19:00Z,-3.91
2019-06-05T20:00Z,-3.31
2019-06-05T21:00Z,-2.88
2019-06-05T22:00Z,-2.15
2019-06-05T23:00Z,8.05
2019-06-06,9.97
2019-06-06T01:00Z,5.81
2019-06-06T02:00Z,3.21
2019-06-06T03:00Z,3.83
2019-06-06T04:00Z,1.46
2019-06-06T05:00Z,0.87
2019-06-06T06:00Z,1.18
2019-06-06T07:00Z,2.76
2019-06-06T08:00Z,0.93
2019-06-06T09:00Z,0.93
2019-06-06T10:00Z,0.91
2019-06-06T11:00Z,2.64
2019-06-06T12:00Z,1.59
2019-06-06T13:00Z,1.05
2019-06-06T14:00Z,-0.22
2019-06-06T15:00Z,-2.17
2019-06-06T16:00Z,-4.65
2019-06-06T17:00Z,-5.34
2019-06-06T18:00Z,-6.04
2019-06-06T19:00Z,-6.39
2019-06-06T20:00Z,-5.8
2019-06-06T21:00Z,-3.73
2019-06-06T22:00Z,-2.01
2019-06-06T23:00Z,-2.48
2019-06-07,0.41
2019-06-07T01:00Z,1.15
2019-06-07T02:00Z,1.38
2019-06-07T03:00Z,1.81
2019-06-07T04:00Z,2.18
2019-06-07T05:00Z,2.8
2019-06-07T06:00Z,1.78
2019-06-07T07:00Z,1.64
2019-06-07T08:00Z,1.99
2019-06-07T09:00Z,4.11
2019-06-07T10:00Z,2.19
2019-06-07T11:00Z,2.04
2019-06-07T12:00Z,1.38
2019-06-07T13:00Z,2.77
2019-06-07T14:00Z,0.01
2019-06-07T15:00Z,-2.98
2019-06-07T16:00Z,3.03
2019-06-07T17:00Z,2.31
2019-06-07T18:00Z,-2.26
2019-06-07T19:00Z,-6.67
2019-06-07T20:00Z,-6.19
2019-06-07T21:00Z,-4.52
2019-06-07T22:00Z,-3.22
2019-06-07T23:00Z,-2.32
2019-06-08,0.31
2019-06-08T01:00Z,1.73
2019-06-08T02:00Z,8.15
2019-06-08T03:00Z,8.87
2019-06-08T04:00Z,7.11
2019-06-08T05:00Z,1.65
2019-06-08T06:00Z,1.04
2019-06-08T07:00Z,2.38
2019-06-08T08:00Z,0.93
2019-06-08T09:00Z,0.94
2019-06-08T10:00Z,1.31
2019-06-08T11:00Z,1.22
2019-06-08T12:00Z,2.49
2019-06-08T13:00Z,1.13
2019-06-08T14:00Z,0.26
2019-06-08T15:00Z,-2.61
2019-06-08T16:00Z,-4.1
2019-06-08T17:00Z,-4.63
2019-06-08T18:00Z,-3.64
2019-06-08T19:00Z,-5.27
2019-06-08T20:00Z,-4.18
2019-06-08T21:00Z,-3
2019-06-08T22:00Z,-1.97
2019-06-08T23:00Z,-0.86
2019-06-09,1.49
2019-06-09T01:00Z,3.29
2019-06-09T02:00Z,1.85
2019-06-09T03:00Z,1.87
2019-06-09T04:00Z,2.4
2019-06-09T05:00Z,2.07
2019-06-09T06:00Z,2.67
2019-06-09T07:00Z,0.89
2019-06-09T08:00Z,0.85
2019-06-09T09:00Z,0.85
2019-06-09T10:00Z,1.45
2019-06-09T11:00Z,1.44
2019-06-09T12:00Z,2.33
2019-06-09T13:00Z,1.29
2019-06-09T14:00Z,0.9
2019-06-09T15:00Z,-0.9
2019-06-09T16:00Z,-2.53
2019-06-09T17:00Z,-4.05
2019-06-09T18:00Z,-1.49
2019-06-09T19:00Z,-2.22
2019-06-09T20:00Z,-2
2019-06-09T21:00Z,-0.72
2019-06-09T22:00Z,-0.78
2019-06-09T23:00Z,-0.52
2019-06-10,4.1
2019-06-10T01:00Z,2.55
2019-06-10T02:00Z,3.67
2019-06-10T03:00Z,4.48
2019-06-10T04:00Z,3.71
2019-06-10T05:00Z,2.04
2019-06-10T06:00Z,1.35
2019-06-10T07:00Z,1.05
2019-06-10T08:00Z,1.33
2019-06-10T09:00Z,1.81
2019-06-10T10:00Z,2.69
2019-06-10T11:00Z,0.98
2019-06-10T12:00Z,0.83
2019-06-10T13:00Z,1.37
2019-06-10T14:00Z,0.67
2019-06-10T15:00Z,0.06
2019-06-10T16:00Z,-3.26
2019-06-10T17:00Z,-4.84
2019-06-10T18:00Z,-2.57
2019-06-10T19:00Z,0.77
2019-06-10T20:00Z,-1.83
2019-06-10T21:00Z,1.5
2019-06-10T22:00Z,1.9
2019-06-10T23:00Z,0.88
2019-06-11,7.81
2019-06-11T01:00Z,11.57
2019-06-11T02:00Z,8.31
2019-06-11T03:00Z,4.5
2019-06-11T04:00Z,3.43
2019-06-11T05:00Z,1.51
2019-06-11T06:00Z,1.48
2019-06-11T07:00Z,1.15
2019-06-11T08:00Z,1.84
2019-06-11T09:00Z,1.55
2019-06-11T10:00Z,2.44
2019-06-11T11:00Z,0.97
2019-06-11T12:00Z,1.06
2019-06-11T13:00Z,2.36
2019-06-11T14:00Z,1.33
2019-06-11T15:00Z,-0.37
2019-06-11T16:00Z,-4.18
2019-06-11T17:00Z,0.29
2019-06-11T18:00Z,-4.49
2019-06-11T19:00Z,3.34
2019-06-11T20:00Z,1.86
2019-06-11T21:00Z,2.31
2019-06-11T22:00Z,2.71
2019-06-11T23:00Z,1.19
2019-06-12,4.23
2019-06-12T01:00Z,3.75
2019-06-12T02:00Z,4.44
2019-06-12T03:00Z,7.11
2019-06-12T04:00Z,10.69
2019-06-12T05:00Z,9.44
2019-06-12T06:00Z,9.75
2019-06-12T07:00Z,6.33
2019-06-12T08:00Z,2.41
2019-06-12T09:00Z,1.72
2019-06-12T10:00Z,1.22
2019-06-12T11:00Z,2.39
2019-06-12T12:00Z,1.71
2019-06-12T13:00Z,1.71
2019-06-12T14:00Z,0.83
2019-06-12T15:00Z,-1.95
2019-06-12T16:00Z,-2.56
2019-06-12T17:00Z,-4.32
2019-06-12T18:00Z,-3.16
2019-06-12T19:00Z,0.1
2019-06-12T20:00Z,-0.56
2019-06-12T21:00Z,-1.49
2019-06-12T22:00Z,-1.92
2019-06-12T23:00Z,-3.03
2019-06-13,0.3
2019-06-13T01:00Z,1.35
2019-06-13T02:00Z,2.22
2019-06-13T03:00Z,1.04
2019-06-13T04:00Z,0.85
2019-06-13T05:00Z,1.28
2019-06-13T06:00Z,1.5
2019-06-13T07:00Z,2.41
2019-06-13T08:00Z,0.77
2019-06-13T09:00Z,1.15
2019-06-13T10:00Z,1.32
2019-06-13T11:00Z,2.36
2019-06-13T12:00Z,0.8
2019-06-13T13:00Z,1.84
2019-06-13T14:00Z,2.3
2019-06-13T15:00Z,2.01
2019-06-13T16:00Z,-0.43
2019-06-13T17:00Z,-1.41
2019-06-13T18:00Z,-4.51
2019-06-13T19:00Z,-4.1
2019-06-13T20:00Z,-4.54
2019-06-13T21:00Z,-4.05
2019-06-13T22:00Z,-3.65
2019-06-13T23:00Z,-3.24
2019-06-14,0.44
2019-06-14T01:00Z,2.3
2019-06-14T02:00Z,0.85
2019-06-14T03:00Z,1.04
2019-06-14T04:00Z,1.31
2019-06-14T05:00Z,3.13
2019-06-14T06:00Z,0.81
2019-06-14T07:00Z,0.84
2019-06-14T08:00Z,0.83
2019-06-14T09:00Z,2.81
2019-06-14T10:00Z,1.1
2019-06-14T11:00Z,0.83
2019-06-14T12:00Z,0.82
2019-06-14T13:00Z,2.97
2019-06-14T14:00Z,0.98
2019-06-14T15:00Z,-0.15
2019-06-14T16:00Z,-3.15
2019-06-14T17:00Z,-4.07
2019-06-14T18:00Z,-3.67
2019-06-14T19:00Z,-5.76
2019-06-14T20:00Z,-5.62
2019-06-14T21:00Z,-4.74
2019-06-14T22:00Z,-3.52
2019-06-14T23:00Z,-2.87
2019-06-15,1.35
2019-06-15T01:00Z,1.56
2019-06-15T02:00Z,1.05
2019-06-15T03:00Z,1.31
2019-06-15T04:00Z,1.51
2019-06-15T05:00Z,2.73
2019-06-15T06:00Z,1.07
2019-06-15T07:00Z,0.91
2019-06-15T08:00Z,0.96
2019-06-15T09:00Z,2.89
2019-06-15T10:00Z,1.1
2019-06-15T11:00Z,0.91
2019-06-15T12:00Z,0.91
2019-06-15T13:00Z,2.86
2019-06-15T14:00Z,0.92
2019-06-15T15:00Z,0.02
2019-06-15T16:00Z,-2.23
2019-06-15T17:00Z,-5.25
2019-06-15T18:00Z,-4.51
2019-06-15T19:00Z,-5.04
2019-06-15T20:00Z,-4.86
2019-06-15T21:00Z,-4.68
2019-06-15T22:00Z,-3.8
2019-06-15T23:00Z,-2.79
2019-06-16,0.83
2019-06-16T01:00Z,0.16
2019-06-16T02:00Z,0.9
2019-06-16T03:00Z,1.09
2019-06-16T04:00Z,2.54
2019-06-16T05:00Z,1.66
2019-06-16T06:00Z,0.8
2019-06-16T07:00Z,0.8
2019-06-16T08:00Z,1.79
2019-06-16T09:00Z,1.97
2019-06-16T10:00Z,0.84
2019-06-16T11:00Z,0.77
2019-06-16T12:00Z,1.12
2019-06-16T13:00Z,3.38
2019-06-16T14:00Z,1.13
2019-06-16T15:00Z,0.86
2019-06-16T16:00Z,-0.04
2019-06-16T17:00Z,7.95
2019-06-16T18:00Z,6.01
2019-06-16T19:00Z,2.15
2019-06-16T20:00Z,-3.11
2019-06-16T21:00Z,-4.31
2019-06-16T22:00Z,-3.22
2019-06-16T23:00Z,0.03
2019-06-17,1.67
2019-06-17T01:00Z,1.47
2019-06-17T02:00Z,2.46
2019-06-17T03:00Z,2.22
2019-06-17T04:00Z,1.04
2019-06-17T05:00Z,0.82
2019-06-17T06:00Z,1.92
2019-06-17T07:00Z,1.91
2019-06-17T08:00Z,0.75
2019-06-17T09:00Z,0.82
2019-06-17T10:00Z,1.08
2019-06-17T11:00Z,2.78
2019-06-17T12:00Z,0.77
2019-06-17T13:00Z,2.07
2019-06-17T14:00Z,1.82
2019-06-17T15:00Z,0.25
2019-06-17T16:00Z,-2.02
2019-06-17T17:00Z,-4.55
2019-06-17T18:00Z,-5.81
2019-06-17T19:00Z,-5.65
2019-06-17T20:00Z,-4.33
2019-06-17T21:00Z,-3.3
2019-06-17T22:00Z,-3.21
2019-06-17T23:00Z,-1.73
2019-06-18,2.48
2019-06-18T01:00Z,1.75
2019-06-18T02:00Z,1.19
2019-06-18T03:00Z,1.21
2019-06-18T04:00Z,0.96
2019-06-18T05:00Z,2.15
2019-06-18T06:00Z,2.01
2019-06-18T07:00Z,0.85
2019-06-18T08:00Z,0.87
2019-06-18T09:00Z,1.13
2019-06-18T10:00Z,2.12
2019-06-18T11:00Z,1.19
2019-06-18T12:00Z,1.96
2019-06-18T13:00Z,2.43
2019-06-18T14:00Z,1.3
2019-06-18T15:00Z,-2.87
2019-06-18T16:00Z,-3.65
2019-06-18T17:00Z,-4.22
2019-06-18T18:00Z,-5.7
2019-06-18T19:00Z,-5.72
2019-06-18T20:00Z,-3.36
2019-06-18T21:00Z,-3.68
2019-06-18T22:00Z,-2.87
2019-06-18T23:00Z,-1.58
2019-06-19,-0.29
2019-06-19T01:00Z,1.4
2019-06-19T02:00Z,2.47
2019-06-19T03:00Z,1.96
2019-06-19T04:00Z,2.06
2019-06-19T05:00Z,1.61
2019-06-19T06:00Z,1.66
2019-06-19T07:00Z,1.91
2019-06-19T08:00Z,0.74
2019-06-19T09:00Z,0.72
2019-06-19T10:00Z,0.85
2019-06-19T11:00Z,2.98
2019-06-19T12:00Z,0.74
2019-06-19T13:00Z,1.21
2019-06-19T14:00Z,2.13
2019-06-19T15:00Z,-0.13
2019-06-19T16:00Z,-2.82
2019-06-19T17:00Z,-5.16
2019-06-19T18:00Z,-6.38
2019-06-19T19:00Z,-6.12
2019-06-19T20:00Z,-4.9
2019-06-19T21:00Z,-3.86
2019-06-19T22:00Z,-3.32
2019-06-19T23:00Z,-2.45
2019-06-20,2.5
2019-06-20T01:00Z,9.6
2019-06-20T02:00Z,8.68
2019-06-20T03:00Z,8.84
2019-06-20T04:00Z,10.45
2019-06-20T05:00Z,5.57
2019-06-20T06:00Z,1.87
2019-06-20T07:00Z,1.07
2019-06-20T08:00Z,0.95
2019-06-20T09:00Z,1.72
2019-06-20T10:00Z,2.72
2019-06-20T11:00Z,0.82
2019-06-20T12:00Z,1.18
2019-06-20T13:00Z,1.52
2019-06-20T14:00Z,2.18
2019-06-20T15:00Z,-0.15
2019-06-20T16:00Z,-1.49
2019-06-20T17:00Z,-3.53
2019-06-20T18:00Z,-5.2
2019-06-20T19:00Z,-5.56
2019-06-20T20:00Z,-5.68
2019-06-20T21:00Z,-4.13
2019-06-20T22:00Z,-3.57
2019-06-20T23:00Z,-2.55
2019-06-21,8.91
2019-06-21T01:00Z,8.29
2019-06-21T02:00Z,8.7
2019-06-21T03:00Z,9
2019-06-21T04:00Z,4.07
2019-06-21T05:00Z,2.66
2019-06-21T06:00Z,0.83
2019-06-21T07:00Z,1.18
2019-06-21T08:00Z,1.22
2019-06-21T09:00Z,2.55
2019-06-21T10:00Z,0.81
2019-06-21T11:00Z,0.83
2019-06-21T12:00Z,1.2
2019-06-21T13:00Z,2.79
2019-06-21T14:00Z,0.72
2019-06-21T15:00Z,-0.75
2019-06-21T16:00Z,-2.99
2019-06-21T17:00Z,-5.32
2019-06-21T18:00Z,-4.56
2019-06-21T19:00Z,-6.74
2019-06-21T20:00Z,-6.39
2019-06-21T21:00Z,-4.81
2019-06-21T22:00Z,-3.07
2019-06-21T23:00Z,-3.13
2019-06-22,0.18
2019-06-22T01:00Z,1.54
2019-06-22T02:00Z,0.94
2019-06-22T03:00Z,0.95
2019-06-22T04:00Z,1.48
2019-06-22T05:00Z,1.16
2019-06-22T06:00Z,2.59
2019-06-22T07:00Z,0.8
2019-06-22T08:00Z,1.17
2019-06-22T09:00Z,1.08
2019-06-22T10:00Z,0.97
2019-06-22T11:00Z,2.35
2019-06-22T12:00Z,0.79
2019-06-22T13:00Z,1.42
2019-06-22T14:00Z,2.28
2019-06-22T15:00Z,-2.38
2019-06-22T16:00Z,-4.4
2019-06-22T17:00Z,-5.76
2019-06-22T18:00Z,-6.03
2019-06-22T19:00Z,-3.23
2019-06-22T20:00Z,-4.42
2019-06-22T21:00Z,-2.19
2019-06-22T22:00Z,-4.2
2019-06-22T23:00Z,-3.83
2019-06-23,0.58
2019-06-23T01:00Z,1.29
2019-06-23T02:00Z,3.17
2019-06-23T03:00Z,1.04
2019-06-23T04:00Z,1
2019-06-23T05:00Z,0.98
2019-06-23T06:00Z,2.7
2019-06-23T07:00Z,1.1
2019-06-23T08:00Z,0.74
2019-06-23T09:00Z,0.72
2019-06-23T10:00Z,1.1
2019-06-23T11:00Z,1.99
2019-06-23T12:00Z,1.26
2019-06-23T13:00Z,0.92
2019-06-23T14:00Z,0.81
2019-06-23T15:00Z,-2.35
2019-06-23T16:00Z,-4.25
2019-06-23T17:00Z,-4.19
2019-06-23T18:00Z,-2.92
2019-06-23T19:00Z,-4.71
2019-06-23T20:00Z,-4
2019-06-23T21:00Z,-3.96
2019-06-23T22:00Z,-3.6
2019-06-23T23:00Z,-3.2
2019-06-24,1.15
2019-06-24T01:00Z,6.71
2019-06-24T02:00Z,8.93
2019-06-24T03:00Z,8.78
2019-06-24T04:00Z,8.28
2019-06-24T05:00Z,1.84
2019-06-24T06:00Z,2.43
2019-06-24T07:00Z,0.72
2019-06-24T08:00Z,0.77
2019-06-24T09:00Z,1.29
2019-06-24T10:00Z,2.52
2019-06-24T11:00Z,0.75
2019-06-24T12:00Z,1.82
2019-06-24T13:00Z,1.22
2019-06-24T14:00Z,2.35
2019-06-24T15:00Z,-1.56
2019-06-24T16:00Z,-2.5
2019-06-24T17:00Z,-4.09
2019-06-24T18:00Z,-5.47
2019-06-24T19:00Z,-5.42
2019-06-24T20:00Z,-2.59
2019-06-24T21:00Z,-3.48
2019-06-24T22:00Z,-3.27
2019-06-24T23:00Z,-2.73
2019-06-25,0.12
2019-06-25T01:00Z,2.48
2019-06-25T02:00Z,2.09
2019-06-25T03:00Z,2.58
2019-06-25T04:00Z,5.15
2019-06-25T05:00Z,5.68
2019-06-25T06:00Z,2.49
2019-06-25T07:00Z,0.97
2019-06-25T08:00Z,1.3
2019-06-25T09:00Z,0.79
2019-06-25T10:00Z,2.31
2019-06-25T11:00Z,0.83
2019-06-25T12:00Z,1.21
2019-06-25T13:00Z,1.82
2019-06-25T14:00Z,1.34
2019-06-25T15:00Z,-2.9
2019-06-25T16:00Z,-4.02
2019-06-25T17:00Z,-3.32
2019-06-25T18:00Z,-1.11
2019-06-25T19:00Z,-4.05
2019-06-25T20:00Z,-4.42
2019-06-25T21:00Z,-2.82
2019-06-25T22:00Z,-2.49
2019-06-25T23:00Z,-2.49
2019-06-26,0.04
2019-06-26T01:00Z,2.23
2019-06-26T02:00Z,2.1
2019-06-26T03:00Z,1.33
2019-06-26T04:00Z,1.14
2019-06-26T05:00Z,0.88
2019-06-26T06:00Z,2.03
2019-06-26T07:00Z,2.19
2019-06-26T08:00Z,0.94
2019-06-26T09:00Z,0.9
2019-06-26T10:00Z,0.89
2019-06-26T11:00Z,1.48
2019-06-26T12:00Z,2.59
2019-06-26T13:00Z,1.6
2019-06-26T14:00Z,0.19
2019-06-26T15:00Z,-2.51
2019-06-26T16:00Z,-2.97
2019-06-26T17:00Z,-1.81
2019-06-26T18:00Z,-5.49
2019-06-26T19:00Z,-6.07
2019-06-26T20:00Z,-6.14
2019-06-26T21:00Z,-4.4
2019-06-26T22:00Z,-2.09
2019-06-26T23:00Z,-1.47
2019-06-27,-0.39
2019-06-27T01:00Z,0.82
2019-06-27T02:00Z,5.23
2019-06-27T03:00Z,10.57
2019-06-27T04:00Z,9.23
2019-06-27T05:00Z,8.52
2019-06-27T06:00Z,4.38
2019-06-27T07:00Z,0.84
2019-06-27T08:00Z,3.04
2019-06-27T09:00Z,0.74
2019-06-27T10:00Z,0.73
2019-06-27T11:00Z,0.73
2019-06-27T12:00Z,2.13
2019-06-27T13:00Z,1.92
2019-06-27T14:00Z,0.01
2019-06-27T15:00Z,-2.83
2019-06-27T16:00Z,-4.02
2019-06-27T17:00Z,-3.76
2019-06-27T18:00Z,-3.62
2019-06-27T19:00Z,-3.53
2019-06-27T20:00Z,-4.54
2019-06-27T21:00Z,-3.77
2019-06-27T22:00Z,-3.67
2019-06-27T23:00Z,-3.09
2019-06-28,-0.28
2019-06-28T01:00Z,1.74
2019-06-28T02:00Z,1.31
2019-06-28T03:00Z,1.08
2019-06-28T04:00Z,1.05
2019-06-28T05:00Z,1.29
2019-06-28T06:00Z,1.21
2019-06-28T07:00Z,2.41
2019-06-28T08:00Z,0.88
2019-06-28T09:00Z,0.84
2019-06-28T10:00Z,1.03
2019-06-28T11:00Z,1.53
2019-06-28T12:00Z,2.31
2019-06-28T13:00Z,1.32
2019-06-28T14:00Z,0.12
2019-06-28T15:00Z,-2.92
2019-06-28T16:00Z,-4.07
2019-06-28T17:00Z,-3.81
2019-06-28T18:00Z,-6.41
2019-06-28T19:00Z,-6.71
2019-06-28T20:00Z,-6.38
2019-06-28T21:00Z,-4.14
2019-06-28T22:00Z,-3.39
2019-06-28T23:00Z,-2.17
2019-06-29,2.46
2019-06-29T01:00Z,1.92
2019-06-29T02:00Z,1.53
2019-06-29T03:00Z,2.22
2019-06-29T04:00Z,1.43
2019-06-29T05:00Z,1.23
2019-06-29T06:00Z,1.42
2019-06-29T07:00Z,1.83
2019-06-29T08:00Z,1.17
2019-06-29T09:00Z,1.06
2019-06-29T10:00Z,1.4
2019-06-29T11:00Z,3.62
2019-06-29T12:00Z,2.25
2019-06-29T13:00Z,1.48
2019-06-29T14:00Z,1.06
2019-06-29T15:00Z,-2.36
2019-06-29T16:00Z,-4.64
2019-06-29T17:00Z,-5.46
2019-06-29T18:00Z,-3.99
2019-06-29T19:00Z,-4.2
2019-06-29T20:00Z,-4.88
2019-06-29T21:00Z,-4.16
2019-06-29T22:00Z,-3.4
2019-06-29T23:00Z,-1.02
2019-06-30,0.22
2019-06-30T01:00Z,2.06
2019-06-30T02:00Z,2.33
2019-06-30T03:00Z,1.28
2019-06-30T04:00Z,0.72
2019-06-30T05:00Z,0.75
2019-06-30T06:00Z,4.23
2019-06-30T07:00Z,2.32
2019-06-30T08:00Z,1.71
2019-06-30T09:00Z,0.89
2019-06-30T10:00Z,0.94
2019-06-30T11:00Z,2.14
2019-06-30T12:00Z,0.66
2019-06-30T13:00Z,0.8
2019-06-30T14:00Z,0.31
2019-06-30T15:00Z,-2.98
2019-06-30T16:00Z,-5.12
2019-06-30T17:00Z,-6.09
2019-06-30T18:00Z,-6.32
2019-06-30T19:00Z,-6.62
2019-06-30T20:00Z,-6.05
2019-06-30T21:00Z,-4.88
2019-06-30T22:00Z,-3.02
2019-06-30T23:00Z,-4.01
